INSERT INTO customer_user (customer_id, user_id)
VALUES (1, 2);
INSERT INTO customer_user (customer_id, user_id)
VALUES (2, 3);
INSERT INTO customer_user (customer_id, user_id)
VALUES (3, 4);
INSERT INTO customer_user (customer_id, user_id)
VALUES (4, 5);
INSERT INTO customer_user (customer_id, user_id)
VALUES (5, 6);
INSERT INTO customer_user (customer_id, user_id)
VALUES (6, 7);
INSERT INTO customer_user (customer_id, user_id)
VALUES (7, 8);
INSERT INTO customer_user (customer_id, user_id)
VALUES (8, 9);
INSERT INTO customer_user (customer_id, user_id)
VALUES (9, 10);
INSERT INTO customer_user (customer_id, user_id)
VALUES (10, 1);
INSERT INTO customer_user (customer_id, user_id)
VALUES (11, 2);
INSERT INTO customer_user (customer_id, user_id)
VALUES (12, 3);
INSERT INTO customer_user (customer_id, user_id)
VALUES (13, 4);
INSERT INTO customer_user (customer_id, user_id)
VALUES (14, 5);
INSERT INTO customer_user (customer_id, user_id)
VALUES (15, 6);
INSERT INTO customer_user (customer_id, user_id)
VALUES (16, 7);
INSERT INTO customer_user (customer_id, user_id)
VALUES (17, 8);
INSERT INTO customer_user (customer_id, user_id)
VALUES (18, 9);
INSERT INTO customer_user (customer_id, user_id)
VALUES (19, 10);
INSERT INTO customer_user (customer_id, user_id)
VALUES (20, 1);
INSERT INTO customer_user (customer_id, user_id)
VALUES (21, 2);
INSERT INTO customer_user (customer_id, user_id)
VALUES (22, 3);
INSERT INTO customer_user (customer_id, user_id)
VALUES (23, 4);
INSERT INTO customer_user (customer_id, user_id)
VALUES (24, 5);
INSERT INTO customer_user (customer_id, user_id)
VALUES (25, 6);
INSERT INTO customer_user (customer_id, user_id)
VALUES (26, 7);
INSERT INTO customer_user (customer_id, user_id)
VALUES (27, 8);
INSERT INTO customer_user (customer_id, user_id)
VALUES (28, 9);
INSERT INTO customer_user (customer_id, user_id)
VALUES (29, 10);
INSERT INTO customer_user (customer_id, user_id)
VALUES (30, 1);
INSERT INTO customer_user (customer_id, user_id)
VALUES (31, 2);
INSERT INTO customer_user (customer_id, user_id)
VALUES (32, 3);
INSERT INTO customer_user (customer_id, user_id)
VALUES (33, 4);
INSERT INTO customer_user (customer_id, user_id)
VALUES (34, 5);
INSERT INTO customer_user (customer_id, user_id)
VALUES (35, 6);
INSERT INTO customer_user (customer_id, user_id)
VALUES (36, 7);
INSERT INTO customer_user (customer_id, user_id)
VALUES (37, 8);
INSERT INTO customer_user (customer_id, user_id)
VALUES (38, 9);
INSERT INTO customer_user (customer_id, user_id)
VALUES (39, 10);
INSERT INTO customer_user (customer_id, user_id)
VALUES (40, 1);
INSERT INTO customer_user (customer_id, user_id)
VALUES (41, 2);
INSERT INTO customer_user (customer_id, user_id)
VALUES (42, 3);
INSERT INTO customer_user (customer_id, user_id)
VALUES (43, 4);
INSERT INTO customer_user (customer_id, user_id)
VALUES (44, 5);
INSERT INTO customer_user (customer_id, user_id)
VALUES (45, 6);
INSERT INTO customer_user (customer_id, user_id)
VALUES (46, 7);
INSERT INTO customer_user (customer_id, user_id)
VALUES (47, 8);
INSERT INTO customer_user (customer_id, user_id)
VALUES (48, 9);
INSERT INTO customer_user (customer_id, user_id)
VALUES (49, 10);
INSERT INTO customer_user (customer_id, user_id)
VALUES (50, 1);
INSERT INTO customer_user (customer_id, user_id)
VALUES (51, 2);
INSERT INTO customer_user (customer_id, user_id)
VALUES (52, 3);
INSERT INTO customer_user (customer_id, user_id)
VALUES (53, 4);
INSERT INTO customer_user (customer_id, user_id)
VALUES (54, 5);
INSERT INTO customer_user (customer_id, user_id)
VALUES (55, 6);
INSERT INTO customer_user (customer_id, user_id)
VALUES (56, 7);
INSERT INTO customer_user (customer_id, user_id)
VALUES (57, 8);
INSERT INTO customer_user (customer_id, user_id)
VALUES (58, 9);
INSERT INTO customer_user (customer_id, user_id)
VALUES (59, 10);
INSERT INTO customer_user (customer_id, user_id)
VALUES (60, 1);
INSERT INTO customer_user (customer_id, user_id)
VALUES (61, 2);
INSERT INTO customer_user (customer_id, user_id)
VALUES (62, 3);
INSERT INTO customer_user (customer_id, user_id)
VALUES (63, 4);
INSERT INTO customer_user (customer_id, user_id)
VALUES (64, 5);
INSERT INTO customer_user (customer_id, user_id)
VALUES (65, 6);
INSERT INTO customer_user (customer_id, user_id)
VALUES (66, 7);
INSERT INTO customer_user (customer_id, user_id)
VALUES (67, 8);
INSERT INTO customer_user (customer_id, user_id)
VALUES (68, 9);
INSERT INTO customer_user (customer_id, user_id)
VALUES (69, 10);
INSERT INTO customer_user (customer_id, user_id)
VALUES (70, 1);
INSERT INTO customer_user (customer_id, user_id)
VALUES (71, 2);
INSERT INTO customer_user (customer_id, user_id)
VALUES (72, 3);
INSERT INTO customer_user (customer_id, user_id)
VALUES (73, 4);
INSERT INTO customer_user (customer_id, user_id)
VALUES (74, 5);
INSERT INTO customer_user (customer_id, user_id)
VALUES (75, 6);
INSERT INTO customer_user (customer_id, user_id)
VALUES (76, 7);
INSERT INTO customer_user (customer_id, user_id)
VALUES (77, 8);
INSERT INTO customer_user (customer_id, user_id)
VALUES (78, 9);
INSERT INTO customer_user (customer_id, user_id)
VALUES (79, 10);
INSERT INTO customer_user (customer_id, user_id)
VALUES (80, 1);
INSERT INTO customer_user (customer_id, user_id)
VALUES (81, 2);
INSERT INTO customer_user (customer_id, user_id)
VALUES (82, 3);
INSERT INTO customer_user (customer_id, user_id)
VALUES (83, 4);
INSERT INTO customer_user (customer_id, user_id)
VALUES (84, 5);
INSERT INTO customer_user (customer_id, user_id)
VALUES (85, 6);
INSERT INTO customer_user (customer_id, user_id)
VALUES (86, 7);
INSERT INTO customer_user (customer_id, user_id)
VALUES (87, 8);
INSERT INTO customer_user (customer_id, user_id)
VALUES (88, 9);
INSERT INTO customer_user (customer_id, user_id)
VALUES (89, 10);
INSERT INTO customer_user (customer_id, user_id)
VALUES (90, 1);
INSERT INTO customer_user (customer_id, user_id)
VALUES (91, 2);
INSERT INTO customer_user (customer_id, user_id)
VALUES (92, 3);
INSERT INTO customer_user (customer_id, user_id)
VALUES (93, 4);
INSERT INTO customer_user (customer_id, user_id)
VALUES (94, 5);
INSERT INTO customer_user (customer_id, user_id)
VALUES (95, 6);
INSERT INTO customer_user (customer_id, user_id)
VALUES (96, 7);
INSERT INTO customer_user (customer_id, user_id)
VALUES (97, 8);
INSERT INTO customer_user (customer_id, user_id)
VALUES (98, 9);
INSERT INTO customer_user (customer_id, user_id)
VALUES (99, 10);
INSERT INTO customer_user (customer_id, user_id)
VALUES (100, 1);
INSERT INTO horses (id, name, age, customer_id)
VALUES (1, 'Horse_1_1', 4, 1);
INSERT INTO horses (id, name, age, customer_id)
VALUES (2, 'Horse_1_2', 13, 1);
INSERT INTO horses (id, name, age, customer_id)
VALUES (3, 'Horse_1_3', 11, 1);
INSERT INTO horses (id, name, age, customer_id)
VALUES (4, 'Horse_1_4', 9, 1);
INSERT INTO horses (id, name, age, customer_id)
VALUES (5, 'Horse_1_5', 9, 1);
INSERT INTO horses (id, name, age, customer_id)
VALUES (6, 'Horse_1_6', 10, 1);
INSERT INTO horses (id, name, age, customer_id)
VALUES (7, 'Horse_1_7', 6, 1);
INSERT INTO horses (id, name, age, customer_id)
VALUES (8, 'Horse_1_8', 10, 1);
INSERT INTO horses (id, name, age, customer_id)
VALUES (9, 'Horse_1_9', 15, 1);
INSERT INTO horses (id, name, age, customer_id)
VALUES (10, 'Horse_1_10', 3, 1);
INSERT INTO horses (id, name, age, customer_id)
VALUES (11, 'Horse_2_1', 11, 2);
INSERT INTO horses (id, name, age, customer_id)
VALUES (12, 'Horse_2_2', 6, 2);
INSERT INTO horses (id, name, age, customer_id)
VALUES (13, 'Horse_2_3', 11, 2);
INSERT INTO horses (id, name, age, customer_id)
VALUES (14, 'Horse_2_4', 3, 2);
INSERT INTO horses (id, name, age, customer_id)
VALUES (15, 'Horse_2_5', 6, 2);
INSERT INTO horses (id, name, age, customer_id)
VALUES (16, 'Horse_2_6', 12, 2);
INSERT INTO horses (id, name, age, customer_id)
VALUES (17, 'Horse_2_7', 11, 2);
INSERT INTO horses (id, name, age, customer_id)
VALUES (18, 'Horse_2_8', 12, 2);
INSERT INTO horses (id, name, age, customer_id)
VALUES (19, 'Horse_2_9', 12, 2);
INSERT INTO horses (id, name, age, customer_id)
VALUES (20, 'Horse_2_10', 15, 2);
INSERT INTO horses (id, name, age, customer_id)
VALUES (21, 'Horse_3_1', 13, 3);
INSERT INTO horses (id, name, age, customer_id)
VALUES (22, 'Horse_3_2', 13, 3);
INSERT INTO horses (id, name, age, customer_id)
VALUES (23, 'Horse_3_3', 9, 3);
INSERT INTO horses (id, name, age, customer_id)
VALUES (24, 'Horse_3_4', 4, 3);
INSERT INTO horses (id, name, age, customer_id)
VALUES (25, 'Horse_3_5', 6, 3);
INSERT INTO horses (id, name, age, customer_id)
VALUES (26, 'Horse_3_6', 5, 3);
INSERT INTO horses (id, name, age, customer_id)
VALUES (27, 'Horse_3_7', 8, 3);
INSERT INTO horses (id, name, age, customer_id)
VALUES (28, 'Horse_3_8', 15, 3);
INSERT INTO horses (id, name, age, customer_id)
VALUES (29, 'Horse_3_9', 5, 3);
INSERT INTO horses (id, name, age, customer_id)
VALUES (30, 'Horse_3_10', 11, 3);
INSERT INTO horses (id, name, age, customer_id)
VALUES (31, 'Horse_4_1', 7, 4);
INSERT INTO horses (id, name, age, customer_id)
VALUES (32, 'Horse_4_2', 8, 4);
INSERT INTO horses (id, name, age, customer_id)
VALUES (33, 'Horse_4_3', 14, 4);
INSERT INTO horses (id, name, age, customer_id)
VALUES (34, 'Horse_4_4', 11, 4);
INSERT INTO horses (id, name, age, customer_id)
VALUES (35, 'Horse_4_5', 10, 4);
INSERT INTO horses (id, name, age, customer_id)
VALUES (36, 'Horse_4_6', 13, 4);
INSERT INTO horses (id, name, age, customer_id)
VALUES (37, 'Horse_4_7', 4, 4);
INSERT INTO horses (id, name, age, customer_id)
VALUES (38, 'Horse_4_8', 3, 4);
INSERT INTO horses (id, name, age, customer_id)
VALUES (39, 'Horse_4_9', 6, 4);
INSERT INTO horses (id, name, age, customer_id)
VALUES (40, 'Horse_4_10', 14, 4);
INSERT INTO horses (id, name, age, customer_id)
VALUES (41, 'Horse_5_1', 3, 5);
INSERT INTO horses (id, name, age, customer_id)
VALUES (42, 'Horse_5_2', 9, 5);
INSERT INTO horses (id, name, age, customer_id)
VALUES (43, 'Horse_5_3', 8, 5);
INSERT INTO horses (id, name, age, customer_id)
VALUES (44, 'Horse_5_4', 4, 5);
INSERT INTO horses (id, name, age, customer_id)
VALUES (45, 'Horse_5_5', 15, 5);
INSERT INTO horses (id, name, age, customer_id)
VALUES (46, 'Horse_5_6', 14, 5);
INSERT INTO horses (id, name, age, customer_id)
VALUES (47, 'Horse_5_7', 12, 5);
INSERT INTO horses (id, name, age, customer_id)
VALUES (48, 'Horse_5_8', 6, 5);
INSERT INTO horses (id, name, age, customer_id)
VALUES (49, 'Horse_5_9', 13, 5);
INSERT INTO horses (id, name, age, customer_id)
VALUES (50, 'Horse_5_10', 7, 5);
INSERT INTO horses (id, name, age, customer_id)
VALUES (51, 'Horse_6_1', 7, 6);
INSERT INTO horses (id, name, age, customer_id)
VALUES (52, 'Horse_6_2', 5, 6);
INSERT INTO horses (id, name, age, customer_id)
VALUES (53, 'Horse_6_3', 3, 6);
INSERT INTO horses (id, name, age, customer_id)
VALUES (54, 'Horse_6_4', 10, 6);
INSERT INTO horses (id, name, age, customer_id)
VALUES (55, 'Horse_6_5', 10, 6);
INSERT INTO horses (id, name, age, customer_id)
VALUES (56, 'Horse_6_6', 6, 6);
INSERT INTO horses (id, name, age, customer_id)
VALUES (57, 'Horse_6_7', 7, 6);
INSERT INTO horses (id, name, age, customer_id)
VALUES (58, 'Horse_6_8', 4, 6);
INSERT INTO horses (id, name, age, customer_id)
VALUES (59, 'Horse_6_9', 13, 6);
INSERT INTO horses (id, name, age, customer_id)
VALUES (60, 'Horse_6_10', 12, 6);
INSERT INTO horses (id, name, age, customer_id)
VALUES (61, 'Horse_7_1', 5, 7);
INSERT INTO horses (id, name, age, customer_id)
VALUES (62, 'Horse_7_2', 14, 7);
INSERT INTO horses (id, name, age, customer_id)
VALUES (63, 'Horse_7_3', 12, 7);
INSERT INTO horses (id, name, age, customer_id)
VALUES (64, 'Horse_7_4', 12, 7);
INSERT INTO horses (id, name, age, customer_id)
VALUES (65, 'Horse_7_5', 8, 7);
INSERT INTO horses (id, name, age, customer_id)
VALUES (66, 'Horse_7_6', 12, 7);
INSERT INTO horses (id, name, age, customer_id)
VALUES (67, 'Horse_7_7', 9, 7);
INSERT INTO horses (id, name, age, customer_id)
VALUES (68, 'Horse_7_8', 3, 7);
INSERT INTO horses (id, name, age, customer_id)
VALUES (69, 'Horse_7_9', 3, 7);
INSERT INTO horses (id, name, age, customer_id)
VALUES (70, 'Horse_7_10', 10, 7);
INSERT INTO horses (id, name, age, customer_id)
VALUES (71, 'Horse_8_1', 12, 8);
INSERT INTO horses (id, name, age, customer_id)
VALUES (72, 'Horse_8_2', 5, 8);
INSERT INTO horses (id, name, age, customer_id)
VALUES (73, 'Horse_8_3', 8, 8);
INSERT INTO horses (id, name, age, customer_id)
VALUES (74, 'Horse_8_4', 4, 8);
INSERT INTO horses (id, name, age, customer_id)
VALUES (75, 'Horse_8_5', 15, 8);
INSERT INTO horses (id, name, age, customer_id)
VALUES (76, 'Horse_8_6', 14, 8);
INSERT INTO horses (id, name, age, customer_id)
VALUES (77, 'Horse_8_7', 12, 8);
INSERT INTO horses (id, name, age, customer_id)
VALUES (78, 'Horse_8_8', 3, 8);
INSERT INTO horses (id, name, age, customer_id)
VALUES (79, 'Horse_8_9', 11, 8);
INSERT INTO horses (id, name, age, customer_id)
VALUES (80, 'Horse_8_10', 10, 8);
INSERT INTO horses (id, name, age, customer_id)
VALUES (81, 'Horse_9_1', 4, 9);
INSERT INTO horses (id, name, age, customer_id)
VALUES (82, 'Horse_9_2', 11, 9);
INSERT INTO horses (id, name, age, customer_id)
VALUES (83, 'Horse_9_3', 13, 9);
INSERT INTO horses (id, name, age, customer_id)
VALUES (84, 'Horse_9_4', 11, 9);
INSERT INTO horses (id, name, age, customer_id)
VALUES (85, 'Horse_9_5', 12, 9);
INSERT INTO horses (id, name, age, customer_id)
VALUES (86, 'Horse_9_6', 4, 9);
INSERT INTO horses (id, name, age, customer_id)
VALUES (87, 'Horse_9_7', 5, 9);
INSERT INTO horses (id, name, age, customer_id)
VALUES (88, 'Horse_9_8', 6, 9);
INSERT INTO horses (id, name, age, customer_id)
VALUES (89, 'Horse_9_9', 6, 9);
INSERT INTO horses (id, name, age, customer_id)
VALUES (90, 'Horse_9_10', 15, 9);
INSERT INTO horses (id, name, age, customer_id)
VALUES (91, 'Horse_10_1', 12, 10);
INSERT INTO horses (id, name, age, customer_id)
VALUES (92, 'Horse_10_2', 14, 10);
INSERT INTO horses (id, name, age, customer_id)
VALUES (93, 'Horse_10_3', 12, 10);
INSERT INTO horses (id, name, age, customer_id)
VALUES (94, 'Horse_10_4', 9, 10);
INSERT INTO horses (id, name, age, customer_id)
VALUES (95, 'Horse_10_5', 13, 10);
INSERT INTO horses (id, name, age, customer_id)
VALUES (96, 'Horse_10_6', 6, 10);
INSERT INTO horses (id, name, age, customer_id)
VALUES (97, 'Horse_10_7', 9, 10);
INSERT INTO horses (id, name, age, customer_id)
VALUES (98, 'Horse_10_8', 13, 10);
INSERT INTO horses (id, name, age, customer_id)
VALUES (99, 'Horse_10_9', 8, 10);
INSERT INTO horses (id, name, age, customer_id)
VALUES (100, 'Horse_10_10', 10, 10);
INSERT INTO horses (id, name, age, customer_id)
VALUES (101, 'Horse_11_1', 8, 11);
INSERT INTO horses (id, name, age, customer_id)
VALUES (102, 'Horse_11_2', 6, 11);
INSERT INTO horses (id, name, age, customer_id)
VALUES (103, 'Horse_11_3', 11, 11);
INSERT INTO horses (id, name, age, customer_id)
VALUES (104, 'Horse_11_4', 5, 11);
INSERT INTO horses (id, name, age, customer_id)
VALUES (105, 'Horse_11_5', 10, 11);
INSERT INTO horses (id, name, age, customer_id)
VALUES (106, 'Horse_11_6', 15, 11);
INSERT INTO horses (id, name, age, customer_id)
VALUES (107, 'Horse_11_7', 7, 11);
INSERT INTO horses (id, name, age, customer_id)
VALUES (108, 'Horse_11_8', 11, 11);
INSERT INTO horses (id, name, age, customer_id)
VALUES (109, 'Horse_11_9', 13, 11);
INSERT INTO horses (id, name, age, customer_id)
VALUES (110, 'Horse_11_10', 6, 11);
INSERT INTO horses (id, name, age, customer_id)
VALUES (111, 'Horse_12_1', 9, 12);
INSERT INTO horses (id, name, age, customer_id)
VALUES (112, 'Horse_12_2', 10, 12);
INSERT INTO horses (id, name, age, customer_id)
VALUES (113, 'Horse_12_3', 10, 12);
INSERT INTO horses (id, name, age, customer_id)
VALUES (114, 'Horse_12_4', 5, 12);
INSERT INTO horses (id, name, age, customer_id)
VALUES (115, 'Horse_12_5', 4, 12);
INSERT INTO horses (id, name, age, customer_id)
VALUES (116, 'Horse_12_6', 3, 12);
INSERT INTO horses (id, name, age, customer_id)
VALUES (117, 'Horse_12_7', 8, 12);
INSERT INTO horses (id, name, age, customer_id)
VALUES (118, 'Horse_12_8', 14, 12);
INSERT INTO horses (id, name, age, customer_id)
VALUES (119, 'Horse_12_9', 3, 12);
INSERT INTO horses (id, name, age, customer_id)
VALUES (120, 'Horse_12_10', 15, 12);
INSERT INTO horses (id, name, age, customer_id)
VALUES (121, 'Horse_13_1', 12, 13);
INSERT INTO horses (id, name, age, customer_id)
VALUES (122, 'Horse_13_2', 7, 13);
INSERT INTO horses (id, name, age, customer_id)
VALUES (123, 'Horse_13_3', 11, 13);
INSERT INTO horses (id, name, age, customer_id)
VALUES (124, 'Horse_13_4', 12, 13);
INSERT INTO horses (id, name, age, customer_id)
VALUES (125, 'Horse_13_5', 10, 13);
INSERT INTO horses (id, name, age, customer_id)
VALUES (126, 'Horse_13_6', 11, 13);
INSERT INTO horses (id, name, age, customer_id)
VALUES (127, 'Horse_13_7', 13, 13);
INSERT INTO horses (id, name, age, customer_id)
VALUES (128, 'Horse_13_8', 13, 13);
INSERT INTO horses (id, name, age, customer_id)
VALUES (129, 'Horse_13_9', 5, 13);
INSERT INTO horses (id, name, age, customer_id)
VALUES (130, 'Horse_13_10', 5, 13);
INSERT INTO horses (id, name, age, customer_id)
VALUES (131, 'Horse_14_1', 12, 14);
INSERT INTO horses (id, name, age, customer_id)
VALUES (132, 'Horse_14_2', 6, 14);
INSERT INTO horses (id, name, age, customer_id)
VALUES (133, 'Horse_14_3', 3, 14);
INSERT INTO horses (id, name, age, customer_id)
VALUES (134, 'Horse_14_4', 5, 14);
INSERT INTO horses (id, name, age, customer_id)
VALUES (135, 'Horse_14_5', 11, 14);
INSERT INTO horses (id, name, age, customer_id)
VALUES (136, 'Horse_14_6', 6, 14);
INSERT INTO horses (id, name, age, customer_id)
VALUES (137, 'Horse_14_7', 6, 14);
INSERT INTO horses (id, name, age, customer_id)
VALUES (138, 'Horse_14_8', 7, 14);
INSERT INTO horses (id, name, age, customer_id)
VALUES (139, 'Horse_14_9', 7, 14);
INSERT INTO horses (id, name, age, customer_id)
VALUES (140, 'Horse_14_10', 6, 14);
INSERT INTO horses (id, name, age, customer_id)
VALUES (141, 'Horse_15_1', 10, 15);
INSERT INTO horses (id, name, age, customer_id)
VALUES (142, 'Horse_15_2', 3, 15);
INSERT INTO horses (id, name, age, customer_id)
VALUES (143, 'Horse_15_3', 7, 15);
INSERT INTO horses (id, name, age, customer_id)
VALUES (144, 'Horse_15_4', 15, 15);
INSERT INTO horses (id, name, age, customer_id)
VALUES (145, 'Horse_15_5', 4, 15);
INSERT INTO horses (id, name, age, customer_id)
VALUES (146, 'Horse_15_6', 14, 15);
INSERT INTO horses (id, name, age, customer_id)
VALUES (147, 'Horse_15_7', 13, 15);
INSERT INTO horses (id, name, age, customer_id)
VALUES (148, 'Horse_15_8', 11, 15);
INSERT INTO horses (id, name, age, customer_id)
VALUES (149, 'Horse_15_9', 4, 15);
INSERT INTO horses (id, name, age, customer_id)
VALUES (150, 'Horse_15_10', 11, 15);
INSERT INTO horses (id, name, age, customer_id)
VALUES (151, 'Horse_16_1', 11, 16);
INSERT INTO horses (id, name, age, customer_id)
VALUES (152, 'Horse_16_2', 15, 16);
INSERT INTO horses (id, name, age, customer_id)
VALUES (153, 'Horse_16_3', 5, 16);
INSERT INTO horses (id, name, age, customer_id)
VALUES (154, 'Horse_16_4', 5, 16);
INSERT INTO horses (id, name, age, customer_id)
VALUES (155, 'Horse_16_5', 15, 16);
INSERT INTO horses (id, name, age, customer_id)
VALUES (156, 'Horse_16_6', 11, 16);
INSERT INTO horses (id, name, age, customer_id)
VALUES (157, 'Horse_16_7', 11, 16);
INSERT INTO horses (id, name, age, customer_id)
VALUES (158, 'Horse_16_8', 6, 16);
INSERT INTO horses (id, name, age, customer_id)
VALUES (159, 'Horse_16_9', 12, 16);
INSERT INTO horses (id, name, age, customer_id)
VALUES (160, 'Horse_16_10', 5, 16);
INSERT INTO horses (id, name, age, customer_id)
VALUES (161, 'Horse_17_1', 7, 17);
INSERT INTO horses (id, name, age, customer_id)
VALUES (162, 'Horse_17_2', 12, 17);
INSERT INTO horses (id, name, age, customer_id)
VALUES (163, 'Horse_17_3', 5, 17);
INSERT INTO horses (id, name, age, customer_id)
VALUES (164, 'Horse_17_4', 5, 17);
INSERT INTO horses (id, name, age, customer_id)
VALUES (165, 'Horse_17_5', 7, 17);
INSERT INTO horses (id, name, age, customer_id)
VALUES (166, 'Horse_17_6', 5, 17);
INSERT INTO horses (id, name, age, customer_id)
VALUES (167, 'Horse_17_7', 6, 17);
INSERT INTO horses (id, name, age, customer_id)
VALUES (168, 'Horse_17_8', 8, 17);
INSERT INTO horses (id, name, age, customer_id)
VALUES (169, 'Horse_17_9', 12, 17);
INSERT INTO horses (id, name, age, customer_id)
VALUES (170, 'Horse_17_10', 9, 17);
INSERT INTO horses (id, name, age, customer_id)
VALUES (171, 'Horse_18_1', 4, 18);
INSERT INTO horses (id, name, age, customer_id)
VALUES (172, 'Horse_18_2', 12, 18);
INSERT INTO horses (id, name, age, customer_id)
VALUES (173, 'Horse_18_3', 10, 18);
INSERT INTO horses (id, name, age, customer_id)
VALUES (174, 'Horse_18_4', 14, 18);
INSERT INTO horses (id, name, age, customer_id)
VALUES (175, 'Horse_18_5', 4, 18);
INSERT INTO horses (id, name, age, customer_id)
VALUES (176, 'Horse_18_6', 12, 18);
INSERT INTO horses (id, name, age, customer_id)
VALUES (177, 'Horse_18_7', 9, 18);
INSERT INTO horses (id, name, age, customer_id)
VALUES (178, 'Horse_18_8', 11, 18);
INSERT INTO horses (id, name, age, customer_id)
VALUES (179, 'Horse_18_9', 8, 18);
INSERT INTO horses (id, name, age, customer_id)
VALUES (180, 'Horse_18_10', 7, 18);
INSERT INTO horses (id, name, age, customer_id)
VALUES (181, 'Horse_19_1', 15, 19);
INSERT INTO horses (id, name, age, customer_id)
VALUES (182, 'Horse_19_2', 5, 19);
INSERT INTO horses (id, name, age, customer_id)
VALUES (183, 'Horse_19_3', 11, 19);
INSERT INTO horses (id, name, age, customer_id)
VALUES (184, 'Horse_19_4', 14, 19);
INSERT INTO horses (id, name, age, customer_id)
VALUES (185, 'Horse_19_5', 3, 19);
INSERT INTO horses (id, name, age, customer_id)
VALUES (186, 'Horse_19_6', 15, 19);
INSERT INTO horses (id, name, age, customer_id)
VALUES (187, 'Horse_19_7', 7, 19);
INSERT INTO horses (id, name, age, customer_id)
VALUES (188, 'Horse_19_8', 13, 19);
INSERT INTO horses (id, name, age, customer_id)
VALUES (189, 'Horse_19_9', 14, 19);
INSERT INTO horses (id, name, age, customer_id)
VALUES (190, 'Horse_19_10', 6, 19);
INSERT INTO horses (id, name, age, customer_id)
VALUES (191, 'Horse_20_1', 10, 20);
INSERT INTO horses (id, name, age, customer_id)
VALUES (192, 'Horse_20_2', 7, 20);
INSERT INTO horses (id, name, age, customer_id)
VALUES (193, 'Horse_20_3', 7, 20);
INSERT INTO horses (id, name, age, customer_id)
VALUES (194, 'Horse_20_4', 12, 20);
INSERT INTO horses (id, name, age, customer_id)
VALUES (195, 'Horse_20_5', 12, 20);
INSERT INTO horses (id, name, age, customer_id)
VALUES (196, 'Horse_20_6', 11, 20);
INSERT INTO horses (id, name, age, customer_id)
VALUES (197, 'Horse_20_7', 9, 20);
INSERT INTO horses (id, name, age, customer_id)
VALUES (198, 'Horse_20_8', 4, 20);
INSERT INTO horses (id, name, age, customer_id)
VALUES (199, 'Horse_20_9', 5, 20);
INSERT INTO horses (id, name, age, customer_id)
VALUES (200, 'Horse_20_10', 5, 20);
INSERT INTO horses (id, name, age, customer_id)
VALUES (201, 'Horse_21_1', 9, 21);
INSERT INTO horses (id, name, age, customer_id)
VALUES (202, 'Horse_21_2', 7, 21);
INSERT INTO horses (id, name, age, customer_id)
VALUES (203, 'Horse_21_3', 6, 21);
INSERT INTO horses (id, name, age, customer_id)
VALUES (204, 'Horse_21_4', 13, 21);
INSERT INTO horses (id, name, age, customer_id)
VALUES (205, 'Horse_21_5', 12, 21);
INSERT INTO horses (id, name, age, customer_id)
VALUES (206, 'Horse_21_6', 11, 21);
INSERT INTO horses (id, name, age, customer_id)
VALUES (207, 'Horse_21_7', 12, 21);
INSERT INTO horses (id, name, age, customer_id)
VALUES (208, 'Horse_21_8', 15, 21);
INSERT INTO horses (id, name, age, customer_id)
VALUES (209, 'Horse_21_9', 4, 21);
INSERT INTO horses (id, name, age, customer_id)
VALUES (210, 'Horse_21_10', 5, 21);
INSERT INTO horses (id, name, age, customer_id)
VALUES (211, 'Horse_22_1', 3, 22);
INSERT INTO horses (id, name, age, customer_id)
VALUES (212, 'Horse_22_2', 7, 22);
INSERT INTO horses (id, name, age, customer_id)
VALUES (213, 'Horse_22_3', 5, 22);
INSERT INTO horses (id, name, age, customer_id)
VALUES (214, 'Horse_22_4', 13, 22);
INSERT INTO horses (id, name, age, customer_id)
VALUES (215, 'Horse_22_5', 10, 22);
INSERT INTO horses (id, name, age, customer_id)
VALUES (216, 'Horse_22_6', 8, 22);
INSERT INTO horses (id, name, age, customer_id)
VALUES (217, 'Horse_22_7', 9, 22);
INSERT INTO horses (id, name, age, customer_id)
VALUES (218, 'Horse_22_8', 13, 22);
INSERT INTO horses (id, name, age, customer_id)
VALUES (219, 'Horse_22_9', 12, 22);
INSERT INTO horses (id, name, age, customer_id)
VALUES (220, 'Horse_22_10', 9, 22);
INSERT INTO horses (id, name, age, customer_id)
VALUES (221, 'Horse_23_1', 15, 23);
INSERT INTO horses (id, name, age, customer_id)
VALUES (222, 'Horse_23_2', 10, 23);
INSERT INTO horses (id, name, age, customer_id)
VALUES (223, 'Horse_23_3', 10, 23);
INSERT INTO horses (id, name, age, customer_id)
VALUES (224, 'Horse_23_4', 3, 23);
INSERT INTO horses (id, name, age, customer_id)
VALUES (225, 'Horse_23_5', 7, 23);
INSERT INTO horses (id, name, age, customer_id)
VALUES (226, 'Horse_23_6', 3, 23);
INSERT INTO horses (id, name, age, customer_id)
VALUES (227, 'Horse_23_7', 5, 23);
INSERT INTO horses (id, name, age, customer_id)
VALUES (228, 'Horse_23_8', 13, 23);
INSERT INTO horses (id, name, age, customer_id)
VALUES (229, 'Horse_23_9', 10, 23);
INSERT INTO horses (id, name, age, customer_id)
VALUES (230, 'Horse_23_10', 13, 23);
INSERT INTO horses (id, name, age, customer_id)
VALUES (231, 'Horse_24_1', 11, 24);
INSERT INTO horses (id, name, age, customer_id)
VALUES (232, 'Horse_24_2', 10, 24);
INSERT INTO horses (id, name, age, customer_id)
VALUES (233, 'Horse_24_3', 9, 24);
INSERT INTO horses (id, name, age, customer_id)
VALUES (234, 'Horse_24_4', 7, 24);
INSERT INTO horses (id, name, age, customer_id)
VALUES (235, 'Horse_24_5', 4, 24);
INSERT INTO horses (id, name, age, customer_id)
VALUES (236, 'Horse_24_6', 8, 24);
INSERT INTO horses (id, name, age, customer_id)
VALUES (237, 'Horse_24_7', 12, 24);
INSERT INTO horses (id, name, age, customer_id)
VALUES (238, 'Horse_24_8', 12, 24);
INSERT INTO horses (id, name, age, customer_id)
VALUES (239, 'Horse_24_9', 3, 24);
INSERT INTO horses (id, name, age, customer_id)
VALUES (240, 'Horse_24_10', 10, 24);
INSERT INTO horses (id, name, age, customer_id)
VALUES (241, 'Horse_25_1', 8, 25);
INSERT INTO horses (id, name, age, customer_id)
VALUES (242, 'Horse_25_2', 15, 25);
INSERT INTO horses (id, name, age, customer_id)
VALUES (243, 'Horse_25_3', 14, 25);
INSERT INTO horses (id, name, age, customer_id)
VALUES (244, 'Horse_25_4', 7, 25);
INSERT INTO horses (id, name, age, customer_id)
VALUES (245, 'Horse_25_5', 15, 25);
INSERT INTO horses (id, name, age, customer_id)
VALUES (246, 'Horse_25_6', 3, 25);
INSERT INTO horses (id, name, age, customer_id)
VALUES (247, 'Horse_25_7', 3, 25);
INSERT INTO horses (id, name, age, customer_id)
VALUES (248, 'Horse_25_8', 7, 25);
INSERT INTO horses (id, name, age, customer_id)
VALUES (249, 'Horse_25_9', 7, 25);
INSERT INTO horses (id, name, age, customer_id)
VALUES (250, 'Horse_25_10', 9, 25);
INSERT INTO horses (id, name, age, customer_id)
VALUES (251, 'Horse_26_1', 12, 26);
INSERT INTO horses (id, name, age, customer_id)
VALUES (252, 'Horse_26_2', 10, 26);
INSERT INTO horses (id, name, age, customer_id)
VALUES (253, 'Horse_26_3', 6, 26);
INSERT INTO horses (id, name, age, customer_id)
VALUES (254, 'Horse_26_4', 14, 26);
INSERT INTO horses (id, name, age, customer_id)
VALUES (255, 'Horse_26_5', 12, 26);
INSERT INTO horses (id, name, age, customer_id)
VALUES (256, 'Horse_26_6', 9, 26);
INSERT INTO horses (id, name, age, customer_id)
VALUES (257, 'Horse_26_7', 6, 26);
INSERT INTO horses (id, name, age, customer_id)
VALUES (258, 'Horse_26_8', 3, 26);
INSERT INTO horses (id, name, age, customer_id)
VALUES (259, 'Horse_26_9', 14, 26);
INSERT INTO horses (id, name, age, customer_id)
VALUES (260, 'Horse_26_10', 8, 26);
INSERT INTO horses (id, name, age, customer_id)
VALUES (261, 'Horse_27_1', 14, 27);
INSERT INTO horses (id, name, age, customer_id)
VALUES (262, 'Horse_27_2', 6, 27);
INSERT INTO horses (id, name, age, customer_id)
VALUES (263, 'Horse_27_3', 15, 27);
INSERT INTO horses (id, name, age, customer_id)
VALUES (264, 'Horse_27_4', 12, 27);
INSERT INTO horses (id, name, age, customer_id)
VALUES (265, 'Horse_27_5', 4, 27);
INSERT INTO horses (id, name, age, customer_id)
VALUES (266, 'Horse_27_6', 3, 27);
INSERT INTO horses (id, name, age, customer_id)
VALUES (267, 'Horse_27_7', 4, 27);
INSERT INTO horses (id, name, age, customer_id)
VALUES (268, 'Horse_27_8', 5, 27);
INSERT INTO horses (id, name, age, customer_id)
VALUES (269, 'Horse_27_9', 4, 27);
INSERT INTO horses (id, name, age, customer_id)
VALUES (270, 'Horse_27_10', 4, 27);
INSERT INTO horses (id, name, age, customer_id)
VALUES (271, 'Horse_28_1', 8, 28);
INSERT INTO horses (id, name, age, customer_id)
VALUES (272, 'Horse_28_2', 6, 28);
INSERT INTO horses (id, name, age, customer_id)
VALUES (273, 'Horse_28_3', 7, 28);
INSERT INTO horses (id, name, age, customer_id)
VALUES (274, 'Horse_28_4', 3, 28);
INSERT INTO horses (id, name, age, customer_id)
VALUES (275, 'Horse_28_5', 10, 28);
INSERT INTO horses (id, name, age, customer_id)
VALUES (276, 'Horse_28_6', 3, 28);
INSERT INTO horses (id, name, age, customer_id)
VALUES (277, 'Horse_28_7', 5, 28);
INSERT INTO horses (id, name, age, customer_id)
VALUES (278, 'Horse_28_8', 15, 28);
INSERT INTO horses (id, name, age, customer_id)
VALUES (279, 'Horse_28_9', 11, 28);
INSERT INTO horses (id, name, age, customer_id)
VALUES (280, 'Horse_28_10', 15, 28);
INSERT INTO horses (id, name, age, customer_id)
VALUES (281, 'Horse_29_1', 6, 29);
INSERT INTO horses (id, name, age, customer_id)
VALUES (282, 'Horse_29_2', 13, 29);
INSERT INTO horses (id, name, age, customer_id)
VALUES (283, 'Horse_29_3', 10, 29);
INSERT INTO horses (id, name, age, customer_id)
VALUES (284, 'Horse_29_4', 11, 29);
INSERT INTO horses (id, name, age, customer_id)
VALUES (285, 'Horse_29_5', 7, 29);
INSERT INTO horses (id, name, age, customer_id)
VALUES (286, 'Horse_29_6', 3, 29);
INSERT INTO horses (id, name, age, customer_id)
VALUES (287, 'Horse_29_7', 10, 29);
INSERT INTO horses (id, name, age, customer_id)
VALUES (288, 'Horse_29_8', 7, 29);
INSERT INTO horses (id, name, age, customer_id)
VALUES (289, 'Horse_29_9', 15, 29);
INSERT INTO horses (id, name, age, customer_id)
VALUES (290, 'Horse_29_10', 12, 29);
INSERT INTO horses (id, name, age, customer_id)
VALUES (291, 'Horse_30_1', 4, 30);
INSERT INTO horses (id, name, age, customer_id)
VALUES (292, 'Horse_30_2', 14, 30);
INSERT INTO horses (id, name, age, customer_id)
VALUES (293, 'Horse_30_3', 15, 30);
INSERT INTO horses (id, name, age, customer_id)
VALUES (294, 'Horse_30_4', 3, 30);
INSERT INTO horses (id, name, age, customer_id)
VALUES (295, 'Horse_30_5', 7, 30);
INSERT INTO horses (id, name, age, customer_id)
VALUES (296, 'Horse_30_6', 11, 30);
INSERT INTO horses (id, name, age, customer_id)
VALUES (297, 'Horse_30_7', 4, 30);
INSERT INTO horses (id, name, age, customer_id)
VALUES (298, 'Horse_30_8', 11, 30);
INSERT INTO horses (id, name, age, customer_id)
VALUES (299, 'Horse_30_9', 6, 30);
INSERT INTO horses (id, name, age, customer_id)
VALUES (300, 'Horse_30_10', 11, 30);
INSERT INTO horses (id, name, age, customer_id)
VALUES (301, 'Horse_31_1', 11, 31);
INSERT INTO horses (id, name, age, customer_id)
VALUES (302, 'Horse_31_2', 13, 31);
INSERT INTO horses (id, name, age, customer_id)
VALUES (303, 'Horse_31_3', 9, 31);
INSERT INTO horses (id, name, age, customer_id)
VALUES (304, 'Horse_31_4', 10, 31);
INSERT INTO horses (id, name, age, customer_id)
VALUES (305, 'Horse_31_5', 13, 31);
INSERT INTO horses (id, name, age, customer_id)
VALUES (306, 'Horse_31_6', 3, 31);
INSERT INTO horses (id, name, age, customer_id)
VALUES (307, 'Horse_31_7', 5, 31);
INSERT INTO horses (id, name, age, customer_id)
VALUES (308, 'Horse_31_8', 6, 31);
INSERT INTO horses (id, name, age, customer_id)
VALUES (309, 'Horse_31_9', 13, 31);
INSERT INTO horses (id, name, age, customer_id)
VALUES (310, 'Horse_31_10', 6, 31);
INSERT INTO horses (id, name, age, customer_id)
VALUES (311, 'Horse_32_1', 9, 32);
INSERT INTO horses (id, name, age, customer_id)
VALUES (312, 'Horse_32_2', 9, 32);
INSERT INTO horses (id, name, age, customer_id)
VALUES (313, 'Horse_32_3', 4, 32);
INSERT INTO horses (id, name, age, customer_id)
VALUES (314, 'Horse_32_4', 14, 32);
INSERT INTO horses (id, name, age, customer_id)
VALUES (315, 'Horse_32_5', 12, 32);
INSERT INTO horses (id, name, age, customer_id)
VALUES (316, 'Horse_32_6', 7, 32);
INSERT INTO horses (id, name, age, customer_id)
VALUES (317, 'Horse_32_7', 8, 32);
INSERT INTO horses (id, name, age, customer_id)
VALUES (318, 'Horse_32_8', 11, 32);
INSERT INTO horses (id, name, age, customer_id)
VALUES (319, 'Horse_32_9', 12, 32);
INSERT INTO horses (id, name, age, customer_id)
VALUES (320, 'Horse_32_10', 6, 32);
INSERT INTO horses (id, name, age, customer_id)
VALUES (321, 'Horse_33_1', 5, 33);
INSERT INTO horses (id, name, age, customer_id)
VALUES (322, 'Horse_33_2', 6, 33);
INSERT INTO horses (id, name, age, customer_id)
VALUES (323, 'Horse_33_3', 12, 33);
INSERT INTO horses (id, name, age, customer_id)
VALUES (324, 'Horse_33_4', 5, 33);
INSERT INTO horses (id, name, age, customer_id)
VALUES (325, 'Horse_33_5', 3, 33);
INSERT INTO horses (id, name, age, customer_id)
VALUES (326, 'Horse_33_6', 8, 33);
INSERT INTO horses (id, name, age, customer_id)
VALUES (327, 'Horse_33_7', 4, 33);
INSERT INTO horses (id, name, age, customer_id)
VALUES (328, 'Horse_33_8', 9, 33);
INSERT INTO horses (id, name, age, customer_id)
VALUES (329, 'Horse_33_9', 8, 33);
INSERT INTO horses (id, name, age, customer_id)
VALUES (330, 'Horse_33_10', 10, 33);
INSERT INTO horses (id, name, age, customer_id)
VALUES (331, 'Horse_34_1', 11, 34);
INSERT INTO horses (id, name, age, customer_id)
VALUES (332, 'Horse_34_2', 7, 34);
INSERT INTO horses (id, name, age, customer_id)
VALUES (333, 'Horse_34_3', 10, 34);
INSERT INTO horses (id, name, age, customer_id)
VALUES (334, 'Horse_34_4', 8, 34);
INSERT INTO horses (id, name, age, customer_id)
VALUES (335, 'Horse_34_5', 3, 34);
INSERT INTO horses (id, name, age, customer_id)
VALUES (336, 'Horse_34_6', 3, 34);
INSERT INTO horses (id, name, age, customer_id)
VALUES (337, 'Horse_34_7', 5, 34);
INSERT INTO horses (id, name, age, customer_id)
VALUES (338, 'Horse_34_8', 6, 34);
INSERT INTO horses (id, name, age, customer_id)
VALUES (339, 'Horse_34_9', 10, 34);
INSERT INTO horses (id, name, age, customer_id)
VALUES (340, 'Horse_34_10', 5, 34);
INSERT INTO horses (id, name, age, customer_id)
VALUES (341, 'Horse_35_1', 6, 35);
INSERT INTO horses (id, name, age, customer_id)
VALUES (342, 'Horse_35_2', 3, 35);
INSERT INTO horses (id, name, age, customer_id)
VALUES (343, 'Horse_35_3', 6, 35);
INSERT INTO horses (id, name, age, customer_id)
VALUES (344, 'Horse_35_4', 14, 35);
INSERT INTO horses (id, name, age, customer_id)
VALUES (345, 'Horse_35_5', 11, 35);
INSERT INTO horses (id, name, age, customer_id)
VALUES (346, 'Horse_35_6', 10, 35);
INSERT INTO horses (id, name, age, customer_id)
VALUES (347, 'Horse_35_7', 6, 35);
INSERT INTO horses (id, name, age, customer_id)
VALUES (348, 'Horse_35_8', 11, 35);
INSERT INTO horses (id, name, age, customer_id)
VALUES (349, 'Horse_35_9', 15, 35);
INSERT INTO horses (id, name, age, customer_id)
VALUES (350, 'Horse_35_10', 12, 35);
INSERT INTO horses (id, name, age, customer_id)
VALUES (351, 'Horse_36_1', 8, 36);
INSERT INTO horses (id, name, age, customer_id)
VALUES (352, 'Horse_36_2', 12, 36);
INSERT INTO horses (id, name, age, customer_id)
VALUES (353, 'Horse_36_3', 10, 36);
INSERT INTO horses (id, name, age, customer_id)
VALUES (354, 'Horse_36_4', 5, 36);
INSERT INTO horses (id, name, age, customer_id)
VALUES (355, 'Horse_36_5', 8, 36);
INSERT INTO horses (id, name, age, customer_id)
VALUES (356, 'Horse_36_6', 11, 36);
INSERT INTO horses (id, name, age, customer_id)
VALUES (357, 'Horse_36_7', 5, 36);
INSERT INTO horses (id, name, age, customer_id)
VALUES (358, 'Horse_36_8', 14, 36);
INSERT INTO horses (id, name, age, customer_id)
VALUES (359, 'Horse_36_9', 9, 36);
INSERT INTO horses (id, name, age, customer_id)
VALUES (360, 'Horse_36_10', 6, 36);
INSERT INTO horses (id, name, age, customer_id)
VALUES (361, 'Horse_37_1', 13, 37);
INSERT INTO horses (id, name, age, customer_id)
VALUES (362, 'Horse_37_2', 5, 37);
INSERT INTO horses (id, name, age, customer_id)
VALUES (363, 'Horse_37_3', 7, 37);
INSERT INTO horses (id, name, age, customer_id)
VALUES (364, 'Horse_37_4', 9, 37);
INSERT INTO horses (id, name, age, customer_id)
VALUES (365, 'Horse_37_5', 12, 37);
INSERT INTO horses (id, name, age, customer_id)
VALUES (366, 'Horse_37_6', 9, 37);
INSERT INTO horses (id, name, age, customer_id)
VALUES (367, 'Horse_37_7', 6, 37);
INSERT INTO horses (id, name, age, customer_id)
VALUES (368, 'Horse_37_8', 8, 37);
INSERT INTO horses (id, name, age, customer_id)
VALUES (369, 'Horse_37_9', 4, 37);
INSERT INTO horses (id, name, age, customer_id)
VALUES (370, 'Horse_37_10', 8, 37);
INSERT INTO horses (id, name, age, customer_id)
VALUES (371, 'Horse_38_1', 15, 38);
INSERT INTO horses (id, name, age, customer_id)
VALUES (372, 'Horse_38_2', 13, 38);
INSERT INTO horses (id, name, age, customer_id)
VALUES (373, 'Horse_38_3', 4, 38);
INSERT INTO horses (id, name, age, customer_id)
VALUES (374, 'Horse_38_4', 7, 38);
INSERT INTO horses (id, name, age, customer_id)
VALUES (375, 'Horse_38_5', 14, 38);
INSERT INTO horses (id, name, age, customer_id)
VALUES (376, 'Horse_38_6', 9, 38);
INSERT INTO horses (id, name, age, customer_id)
VALUES (377, 'Horse_38_7', 11, 38);
INSERT INTO horses (id, name, age, customer_id)
VALUES (378, 'Horse_38_8', 9, 38);
INSERT INTO horses (id, name, age, customer_id)
VALUES (379, 'Horse_38_9', 12, 38);
INSERT INTO horses (id, name, age, customer_id)
VALUES (380, 'Horse_38_10', 3, 38);
INSERT INTO horses (id, name, age, customer_id)
VALUES (381, 'Horse_39_1', 5, 39);
INSERT INTO horses (id, name, age, customer_id)
VALUES (382, 'Horse_39_2', 7, 39);
INSERT INTO horses (id, name, age, customer_id)
VALUES (383, 'Horse_39_3', 11, 39);
INSERT INTO horses (id, name, age, customer_id)
VALUES (384, 'Horse_39_4', 15, 39);
INSERT INTO horses (id, name, age, customer_id)
VALUES (385, 'Horse_39_5', 10, 39);
INSERT INTO horses (id, name, age, customer_id)
VALUES (386, 'Horse_39_6', 9, 39);
INSERT INTO horses (id, name, age, customer_id)
VALUES (387, 'Horse_39_7', 13, 39);
INSERT INTO horses (id, name, age, customer_id)
VALUES (388, 'Horse_39_8', 9, 39);
INSERT INTO horses (id, name, age, customer_id)
VALUES (389, 'Horse_39_9', 6, 39);
INSERT INTO horses (id, name, age, customer_id)
VALUES (390, 'Horse_39_10', 14, 39);
INSERT INTO horses (id, name, age, customer_id)
VALUES (391, 'Horse_40_1', 6, 40);
INSERT INTO horses (id, name, age, customer_id)
VALUES (392, 'Horse_40_2', 10, 40);
INSERT INTO horses (id, name, age, customer_id)
VALUES (393, 'Horse_40_3', 9, 40);
INSERT INTO horses (id, name, age, customer_id)
VALUES (394, 'Horse_40_4', 4, 40);
INSERT INTO horses (id, name, age, customer_id)
VALUES (395, 'Horse_40_5', 5, 40);
INSERT INTO horses (id, name, age, customer_id)
VALUES (396, 'Horse_40_6', 14, 40);
INSERT INTO horses (id, name, age, customer_id)
VALUES (397, 'Horse_40_7', 5, 40);
INSERT INTO horses (id, name, age, customer_id)
VALUES (398, 'Horse_40_8', 12, 40);
INSERT INTO horses (id, name, age, customer_id)
VALUES (399, 'Horse_40_9', 15, 40);
INSERT INTO horses (id, name, age, customer_id)
VALUES (400, 'Horse_40_10', 14, 40);
INSERT INTO horses (id, name, age, customer_id)
VALUES (401, 'Horse_41_1', 4, 41);
INSERT INTO horses (id, name, age, customer_id)
VALUES (402, 'Horse_41_2', 15, 41);
INSERT INTO horses (id, name, age, customer_id)
VALUES (403, 'Horse_41_3', 5, 41);
INSERT INTO horses (id, name, age, customer_id)
VALUES (404, 'Horse_41_4', 14, 41);
INSERT INTO horses (id, name, age, customer_id)
VALUES (405, 'Horse_41_5', 7, 41);
INSERT INTO horses (id, name, age, customer_id)
VALUES (406, 'Horse_41_6', 9, 41);
INSERT INTO horses (id, name, age, customer_id)
VALUES (407, 'Horse_41_7', 11, 41);
INSERT INTO horses (id, name, age, customer_id)
VALUES (408, 'Horse_41_8', 10, 41);
INSERT INTO horses (id, name, age, customer_id)
VALUES (409, 'Horse_41_9', 3, 41);
INSERT INTO horses (id, name, age, customer_id)
VALUES (410, 'Horse_41_10', 6, 41);
INSERT INTO horses (id, name, age, customer_id)
VALUES (411, 'Horse_42_1', 7, 42);
INSERT INTO horses (id, name, age, customer_id)
VALUES (412, 'Horse_42_2', 9, 42);
INSERT INTO horses (id, name, age, customer_id)
VALUES (413, 'Horse_42_3', 13, 42);
INSERT INTO horses (id, name, age, customer_id)
VALUES (414, 'Horse_42_4', 7, 42);
INSERT INTO horses (id, name, age, customer_id)
VALUES (415, 'Horse_42_5', 4, 42);
INSERT INTO horses (id, name, age, customer_id)
VALUES (416, 'Horse_42_6', 5, 42);
INSERT INTO horses (id, name, age, customer_id)
VALUES (417, 'Horse_42_7', 3, 42);
INSERT INTO horses (id, name, age, customer_id)
VALUES (418, 'Horse_42_8', 14, 42);
INSERT INTO horses (id, name, age, customer_id)
VALUES (419, 'Horse_42_9', 7, 42);
INSERT INTO horses (id, name, age, customer_id)
VALUES (420, 'Horse_42_10', 5, 42);
INSERT INTO horses (id, name, age, customer_id)
VALUES (421, 'Horse_43_1', 14, 43);
INSERT INTO horses (id, name, age, customer_id)
VALUES (422, 'Horse_43_2', 9, 43);
INSERT INTO horses (id, name, age, customer_id)
VALUES (423, 'Horse_43_3', 6, 43);
INSERT INTO horses (id, name, age, customer_id)
VALUES (424, 'Horse_43_4', 4, 43);
INSERT INTO horses (id, name, age, customer_id)
VALUES (425, 'Horse_43_5', 14, 43);
INSERT INTO horses (id, name, age, customer_id)
VALUES (426, 'Horse_43_6', 10, 43);
INSERT INTO horses (id, name, age, customer_id)
VALUES (427, 'Horse_43_7', 14, 43);
INSERT INTO horses (id, name, age, customer_id)
VALUES (428, 'Horse_43_8', 8, 43);
INSERT INTO horses (id, name, age, customer_id)
VALUES (429, 'Horse_43_9', 15, 43);
INSERT INTO horses (id, name, age, customer_id)
VALUES (430, 'Horse_43_10', 4, 43);
INSERT INTO horses (id, name, age, customer_id)
VALUES (431, 'Horse_44_1', 6, 44);
INSERT INTO horses (id, name, age, customer_id)
VALUES (432, 'Horse_44_2', 15, 44);
INSERT INTO horses (id, name, age, customer_id)
VALUES (433, 'Horse_44_3', 13, 44);
INSERT INTO horses (id, name, age, customer_id)
VALUES (434, 'Horse_44_4', 5, 44);
INSERT INTO horses (id, name, age, customer_id)
VALUES (435, 'Horse_44_5', 11, 44);
INSERT INTO horses (id, name, age, customer_id)
VALUES (436, 'Horse_44_6', 7, 44);
INSERT INTO horses (id, name, age, customer_id)
VALUES (437, 'Horse_44_7', 7, 44);
INSERT INTO horses (id, name, age, customer_id)
VALUES (438, 'Horse_44_8', 4, 44);
INSERT INTO horses (id, name, age, customer_id)
VALUES (439, 'Horse_44_9', 7, 44);
INSERT INTO horses (id, name, age, customer_id)
VALUES (440, 'Horse_44_10', 11, 44);
INSERT INTO horses (id, name, age, customer_id)
VALUES (441, 'Horse_45_1', 4, 45);
INSERT INTO horses (id, name, age, customer_id)
VALUES (442, 'Horse_45_2', 15, 45);
INSERT INTO horses (id, name, age, customer_id)
VALUES (443, 'Horse_45_3', 4, 45);
INSERT INTO horses (id, name, age, customer_id)
VALUES (444, 'Horse_45_4', 8, 45);
INSERT INTO horses (id, name, age, customer_id)
VALUES (445, 'Horse_45_5', 3, 45);
INSERT INTO horses (id, name, age, customer_id)
VALUES (446, 'Horse_45_6', 14, 45);
INSERT INTO horses (id, name, age, customer_id)
VALUES (447, 'Horse_45_7', 5, 45);
INSERT INTO horses (id, name, age, customer_id)
VALUES (448, 'Horse_45_8', 14, 45);
INSERT INTO horses (id, name, age, customer_id)
VALUES (449, 'Horse_45_9', 15, 45);
INSERT INTO horses (id, name, age, customer_id)
VALUES (450, 'Horse_45_10', 14, 45);
INSERT INTO horses (id, name, age, customer_id)
VALUES (451, 'Horse_46_1', 4, 46);
INSERT INTO horses (id, name, age, customer_id)
VALUES (452, 'Horse_46_2', 8, 46);
INSERT INTO horses (id, name, age, customer_id)
VALUES (453, 'Horse_46_3', 3, 46);
INSERT INTO horses (id, name, age, customer_id)
VALUES (454, 'Horse_46_4', 11, 46);
INSERT INTO horses (id, name, age, customer_id)
VALUES (455, 'Horse_46_5', 13, 46);
INSERT INTO horses (id, name, age, customer_id)
VALUES (456, 'Horse_46_6', 7, 46);
INSERT INTO horses (id, name, age, customer_id)
VALUES (457, 'Horse_46_7', 9, 46);
INSERT INTO horses (id, name, age, customer_id)
VALUES (458, 'Horse_46_8', 11, 46);
INSERT INTO horses (id, name, age, customer_id)
VALUES (459, 'Horse_46_9', 7, 46);
INSERT INTO horses (id, name, age, customer_id)
VALUES (460, 'Horse_46_10', 6, 46);
INSERT INTO horses (id, name, age, customer_id)
VALUES (461, 'Horse_47_1', 6, 47);
INSERT INTO horses (id, name, age, customer_id)
VALUES (462, 'Horse_47_2', 8, 47);
INSERT INTO horses (id, name, age, customer_id)
VALUES (463, 'Horse_47_3', 3, 47);
INSERT INTO horses (id, name, age, customer_id)
VALUES (464, 'Horse_47_4', 12, 47);
INSERT INTO horses (id, name, age, customer_id)
VALUES (465, 'Horse_47_5', 13, 47);
INSERT INTO horses (id, name, age, customer_id)
VALUES (466, 'Horse_47_6', 15, 47);
INSERT INTO horses (id, name, age, customer_id)
VALUES (467, 'Horse_47_7', 4, 47);
INSERT INTO horses (id, name, age, customer_id)
VALUES (468, 'Horse_47_8', 11, 47);
INSERT INTO horses (id, name, age, customer_id)
VALUES (469, 'Horse_47_9', 15, 47);
INSERT INTO horses (id, name, age, customer_id)
VALUES (470, 'Horse_47_10', 11, 47);
INSERT INTO horses (id, name, age, customer_id)
VALUES (471, 'Horse_48_1', 11, 48);
INSERT INTO horses (id, name, age, customer_id)
VALUES (472, 'Horse_48_2', 3, 48);
INSERT INTO horses (id, name, age, customer_id)
VALUES (473, 'Horse_48_3', 6, 48);
INSERT INTO horses (id, name, age, customer_id)
VALUES (474, 'Horse_48_4', 3, 48);
INSERT INTO horses (id, name, age, customer_id)
VALUES (475, 'Horse_48_5', 13, 48);
INSERT INTO horses (id, name, age, customer_id)
VALUES (476, 'Horse_48_6', 12, 48);
INSERT INTO horses (id, name, age, customer_id)
VALUES (477, 'Horse_48_7', 11, 48);
INSERT INTO horses (id, name, age, customer_id)
VALUES (478, 'Horse_48_8', 14, 48);
INSERT INTO horses (id, name, age, customer_id)
VALUES (479, 'Horse_48_9', 8, 48);
INSERT INTO horses (id, name, age, customer_id)
VALUES (480, 'Horse_48_10', 10, 48);
INSERT INTO horses (id, name, age, customer_id)
VALUES (481, 'Horse_49_1', 10, 49);
INSERT INTO horses (id, name, age, customer_id)
VALUES (482, 'Horse_49_2', 14, 49);
INSERT INTO horses (id, name, age, customer_id)
VALUES (483, 'Horse_49_3', 13, 49);
INSERT INTO horses (id, name, age, customer_id)
VALUES (484, 'Horse_49_4', 3, 49);
INSERT INTO horses (id, name, age, customer_id)
VALUES (485, 'Horse_49_5', 7, 49);
INSERT INTO horses (id, name, age, customer_id)
VALUES (486, 'Horse_49_6', 8, 49);
INSERT INTO horses (id, name, age, customer_id)
VALUES (487, 'Horse_49_7', 13, 49);
INSERT INTO horses (id, name, age, customer_id)
VALUES (488, 'Horse_49_8', 12, 49);
INSERT INTO horses (id, name, age, customer_id)
VALUES (489, 'Horse_49_9', 14, 49);
INSERT INTO horses (id, name, age, customer_id)
VALUES (490, 'Horse_49_10', 11, 49);
INSERT INTO horses (id, name, age, customer_id)
VALUES (491, 'Horse_50_1', 7, 50);
INSERT INTO horses (id, name, age, customer_id)
VALUES (492, 'Horse_50_2', 3, 50);
INSERT INTO horses (id, name, age, customer_id)
VALUES (493, 'Horse_50_3', 4, 50);
INSERT INTO horses (id, name, age, customer_id)
VALUES (494, 'Horse_50_4', 4, 50);
INSERT INTO horses (id, name, age, customer_id)
VALUES (495, 'Horse_50_5', 13, 50);
INSERT INTO horses (id, name, age, customer_id)
VALUES (496, 'Horse_50_6', 12, 50);
INSERT INTO horses (id, name, age, customer_id)
VALUES (497, 'Horse_50_7', 13, 50);
INSERT INTO horses (id, name, age, customer_id)
VALUES (498, 'Horse_50_8', 7, 50);
INSERT INTO horses (id, name, age, customer_id)
VALUES (499, 'Horse_50_9', 10, 50);
INSERT INTO horses (id, name, age, customer_id)
VALUES (500, 'Horse_50_10', 12, 50);
INSERT INTO horses (id, name, age, customer_id)
VALUES (501, 'Horse_51_1', 3, 51);
INSERT INTO horses (id, name, age, customer_id)
VALUES (502, 'Horse_51_2', 8, 51);
INSERT INTO horses (id, name, age, customer_id)
VALUES (503, 'Horse_51_3', 13, 51);
INSERT INTO horses (id, name, age, customer_id)
VALUES (504, 'Horse_51_4', 8, 51);
INSERT INTO horses (id, name, age, customer_id)
VALUES (505, 'Horse_51_5', 3, 51);
INSERT INTO horses (id, name, age, customer_id)
VALUES (506, 'Horse_51_6', 11, 51);
INSERT INTO horses (id, name, age, customer_id)
VALUES (507, 'Horse_51_7', 14, 51);
INSERT INTO horses (id, name, age, customer_id)
VALUES (508, 'Horse_51_8', 9, 51);
INSERT INTO horses (id, name, age, customer_id)
VALUES (509, 'Horse_51_9', 4, 51);
INSERT INTO horses (id, name, age, customer_id)
VALUES (510, 'Horse_51_10', 11, 51);
INSERT INTO horses (id, name, age, customer_id)
VALUES (511, 'Horse_52_1', 14, 52);
INSERT INTO horses (id, name, age, customer_id)
VALUES (512, 'Horse_52_2', 9, 52);
INSERT INTO horses (id, name, age, customer_id)
VALUES (513, 'Horse_52_3', 10, 52);
INSERT INTO horses (id, name, age, customer_id)
VALUES (514, 'Horse_52_4', 11, 52);
INSERT INTO horses (id, name, age, customer_id)
VALUES (515, 'Horse_52_5', 7, 52);
INSERT INTO horses (id, name, age, customer_id)
VALUES (516, 'Horse_52_6', 8, 52);
INSERT INTO horses (id, name, age, customer_id)
VALUES (517, 'Horse_52_7', 11, 52);
INSERT INTO horses (id, name, age, customer_id)
VALUES (518, 'Horse_52_8', 8, 52);
INSERT INTO horses (id, name, age, customer_id)
VALUES (519, 'Horse_52_9', 3, 52);
INSERT INTO horses (id, name, age, customer_id)
VALUES (520, 'Horse_52_10', 10, 52);
INSERT INTO horses (id, name, age, customer_id)
VALUES (521, 'Horse_53_1', 7, 53);
INSERT INTO horses (id, name, age, customer_id)
VALUES (522, 'Horse_53_2', 11, 53);
INSERT INTO horses (id, name, age, customer_id)
VALUES (523, 'Horse_53_3', 13, 53);
INSERT INTO horses (id, name, age, customer_id)
VALUES (524, 'Horse_53_4', 9, 53);
INSERT INTO horses (id, name, age, customer_id)
VALUES (525, 'Horse_53_5', 12, 53);
INSERT INTO horses (id, name, age, customer_id)
VALUES (526, 'Horse_53_6', 9, 53);
INSERT INTO horses (id, name, age, customer_id)
VALUES (527, 'Horse_53_7', 14, 53);
INSERT INTO horses (id, name, age, customer_id)
VALUES (528, 'Horse_53_8', 5, 53);
INSERT INTO horses (id, name, age, customer_id)
VALUES (529, 'Horse_53_9', 10, 53);
INSERT INTO horses (id, name, age, customer_id)
VALUES (530, 'Horse_53_10', 10, 53);
INSERT INTO horses (id, name, age, customer_id)
VALUES (531, 'Horse_54_1', 9, 54);
INSERT INTO horses (id, name, age, customer_id)
VALUES (532, 'Horse_54_2', 4, 54);
INSERT INTO horses (id, name, age, customer_id)
VALUES (533, 'Horse_54_3', 3, 54);
INSERT INTO horses (id, name, age, customer_id)
VALUES (534, 'Horse_54_4', 8, 54);
INSERT INTO horses (id, name, age, customer_id)
VALUES (535, 'Horse_54_5', 10, 54);
INSERT INTO horses (id, name, age, customer_id)
VALUES (536, 'Horse_54_6', 4, 54);
INSERT INTO horses (id, name, age, customer_id)
VALUES (537, 'Horse_54_7', 13, 54);
INSERT INTO horses (id, name, age, customer_id)
VALUES (538, 'Horse_54_8', 8, 54);
INSERT INTO horses (id, name, age, customer_id)
VALUES (539, 'Horse_54_9', 10, 54);
INSERT INTO horses (id, name, age, customer_id)
VALUES (540, 'Horse_54_10', 11, 54);
INSERT INTO horses (id, name, age, customer_id)
VALUES (541, 'Horse_55_1', 4, 55);
INSERT INTO horses (id, name, age, customer_id)
VALUES (542, 'Horse_55_2', 5, 55);
INSERT INTO horses (id, name, age, customer_id)
VALUES (543, 'Horse_55_3', 15, 55);
INSERT INTO horses (id, name, age, customer_id)
VALUES (544, 'Horse_55_4', 8, 55);
INSERT INTO horses (id, name, age, customer_id)
VALUES (545, 'Horse_55_5', 3, 55);
INSERT INTO horses (id, name, age, customer_id)
VALUES (546, 'Horse_55_6', 10, 55);
INSERT INTO horses (id, name, age, customer_id)
VALUES (547, 'Horse_55_7', 4, 55);
INSERT INTO horses (id, name, age, customer_id)
VALUES (548, 'Horse_55_8', 10, 55);
INSERT INTO horses (id, name, age, customer_id)
VALUES (549, 'Horse_55_9', 12, 55);
INSERT INTO horses (id, name, age, customer_id)
VALUES (550, 'Horse_55_10', 4, 55);
INSERT INTO horses (id, name, age, customer_id)
VALUES (551, 'Horse_56_1', 7, 56);
INSERT INTO horses (id, name, age, customer_id)
VALUES (552, 'Horse_56_2', 12, 56);
INSERT INTO horses (id, name, age, customer_id)
VALUES (553, 'Horse_56_3', 6, 56);
INSERT INTO horses (id, name, age, customer_id)
VALUES (554, 'Horse_56_4', 7, 56);
INSERT INTO horses (id, name, age, customer_id)
VALUES (555, 'Horse_56_5', 13, 56);
INSERT INTO horses (id, name, age, customer_id)
VALUES (556, 'Horse_56_6', 5, 56);
INSERT INTO horses (id, name, age, customer_id)
VALUES (557, 'Horse_56_7', 7, 56);
INSERT INTO horses (id, name, age, customer_id)
VALUES (558, 'Horse_56_8', 13, 56);
INSERT INTO horses (id, name, age, customer_id)
VALUES (559, 'Horse_56_9', 9, 56);
INSERT INTO horses (id, name, age, customer_id)
VALUES (560, 'Horse_56_10', 4, 56);
INSERT INTO horses (id, name, age, customer_id)
VALUES (561, 'Horse_57_1', 5, 57);
INSERT INTO horses (id, name, age, customer_id)
VALUES (562, 'Horse_57_2', 8, 57);
INSERT INTO horses (id, name, age, customer_id)
VALUES (563, 'Horse_57_3', 4, 57);
INSERT INTO horses (id, name, age, customer_id)
VALUES (564, 'Horse_57_4', 4, 57);
INSERT INTO horses (id, name, age, customer_id)
VALUES (565, 'Horse_57_5', 14, 57);
INSERT INTO horses (id, name, age, customer_id)
VALUES (566, 'Horse_57_6', 14, 57);
INSERT INTO horses (id, name, age, customer_id)
VALUES (567, 'Horse_57_7', 11, 57);
INSERT INTO horses (id, name, age, customer_id)
VALUES (568, 'Horse_57_8', 12, 57);
INSERT INTO horses (id, name, age, customer_id)
VALUES (569, 'Horse_57_9', 7, 57);
INSERT INTO horses (id, name, age, customer_id)
VALUES (570, 'Horse_57_10', 12, 57);
INSERT INTO horses (id, name, age, customer_id)
VALUES (571, 'Horse_58_1', 5, 58);
INSERT INTO horses (id, name, age, customer_id)
VALUES (572, 'Horse_58_2', 10, 58);
INSERT INTO horses (id, name, age, customer_id)
VALUES (573, 'Horse_58_3', 7, 58);
INSERT INTO horses (id, name, age, customer_id)
VALUES (574, 'Horse_58_4', 7, 58);
INSERT INTO horses (id, name, age, customer_id)
VALUES (575, 'Horse_58_5', 8, 58);
INSERT INTO horses (id, name, age, customer_id)
VALUES (576, 'Horse_58_6', 9, 58);
INSERT INTO horses (id, name, age, customer_id)
VALUES (577, 'Horse_58_7', 3, 58);
INSERT INTO horses (id, name, age, customer_id)
VALUES (578, 'Horse_58_8', 10, 58);
INSERT INTO horses (id, name, age, customer_id)
VALUES (579, 'Horse_58_9', 9, 58);
INSERT INTO horses (id, name, age, customer_id)
VALUES (580, 'Horse_58_10', 9, 58);
INSERT INTO horses (id, name, age, customer_id)
VALUES (581, 'Horse_59_1', 15, 59);
INSERT INTO horses (id, name, age, customer_id)
VALUES (582, 'Horse_59_2', 4, 59);
INSERT INTO horses (id, name, age, customer_id)
VALUES (583, 'Horse_59_3', 13, 59);
INSERT INTO horses (id, name, age, customer_id)
VALUES (584, 'Horse_59_4', 5, 59);
INSERT INTO horses (id, name, age, customer_id)
VALUES (585, 'Horse_59_5', 5, 59);
INSERT INTO horses (id, name, age, customer_id)
VALUES (586, 'Horse_59_6', 5, 59);
INSERT INTO horses (id, name, age, customer_id)
VALUES (587, 'Horse_59_7', 13, 59);
INSERT INTO horses (id, name, age, customer_id)
VALUES (588, 'Horse_59_8', 6, 59);
INSERT INTO horses (id, name, age, customer_id)
VALUES (589, 'Horse_59_9', 11, 59);
INSERT INTO horses (id, name, age, customer_id)
VALUES (590, 'Horse_59_10', 10, 59);
INSERT INTO horses (id, name, age, customer_id)
VALUES (591, 'Horse_60_1', 8, 60);
INSERT INTO horses (id, name, age, customer_id)
VALUES (592, 'Horse_60_2', 5, 60);
INSERT INTO horses (id, name, age, customer_id)
VALUES (593, 'Horse_60_3', 8, 60);
INSERT INTO horses (id, name, age, customer_id)
VALUES (594, 'Horse_60_4', 7, 60);
INSERT INTO horses (id, name, age, customer_id)
VALUES (595, 'Horse_60_5', 5, 60);
INSERT INTO horses (id, name, age, customer_id)
VALUES (596, 'Horse_60_6', 5, 60);
INSERT INTO horses (id, name, age, customer_id)
VALUES (597, 'Horse_60_7', 14, 60);
INSERT INTO horses (id, name, age, customer_id)
VALUES (598, 'Horse_60_8', 4, 60);
INSERT INTO horses (id, name, age, customer_id)
VALUES (599, 'Horse_60_9', 12, 60);
INSERT INTO horses (id, name, age, customer_id)
VALUES (600, 'Horse_60_10', 13, 60);
INSERT INTO horses (id, name, age, customer_id)
VALUES (601, 'Horse_61_1', 5, 61);
INSERT INTO horses (id, name, age, customer_id)
VALUES (602, 'Horse_61_2', 11, 61);
INSERT INTO horses (id, name, age, customer_id)
VALUES (603, 'Horse_61_3', 6, 61);
INSERT INTO horses (id, name, age, customer_id)
VALUES (604, 'Horse_61_4', 7, 61);
INSERT INTO horses (id, name, age, customer_id)
VALUES (605, 'Horse_61_5', 12, 61);
INSERT INTO horses (id, name, age, customer_id)
VALUES (606, 'Horse_61_6', 15, 61);
INSERT INTO horses (id, name, age, customer_id)
VALUES (607, 'Horse_61_7', 7, 61);
INSERT INTO horses (id, name, age, customer_id)
VALUES (608, 'Horse_61_8', 5, 61);
INSERT INTO horses (id, name, age, customer_id)
VALUES (609, 'Horse_61_9', 3, 61);
INSERT INTO horses (id, name, age, customer_id)
VALUES (610, 'Horse_61_10', 5, 61);
INSERT INTO horses (id, name, age, customer_id)
VALUES (611, 'Horse_62_1', 11, 62);
INSERT INTO horses (id, name, age, customer_id)
VALUES (612, 'Horse_62_2', 11, 62);
INSERT INTO horses (id, name, age, customer_id)
VALUES (613, 'Horse_62_3', 13, 62);
INSERT INTO horses (id, name, age, customer_id)
VALUES (614, 'Horse_62_4', 13, 62);
INSERT INTO horses (id, name, age, customer_id)
VALUES (615, 'Horse_62_5', 4, 62);
INSERT INTO horses (id, name, age, customer_id)
VALUES (616, 'Horse_62_6', 13, 62);
INSERT INTO horses (id, name, age, customer_id)
VALUES (617, 'Horse_62_7', 14, 62);
INSERT INTO horses (id, name, age, customer_id)
VALUES (618, 'Horse_62_8', 12, 62);
INSERT INTO horses (id, name, age, customer_id)
VALUES (619, 'Horse_62_9', 12, 62);
INSERT INTO horses (id, name, age, customer_id)
VALUES (620, 'Horse_62_10', 12, 62);
INSERT INTO horses (id, name, age, customer_id)
VALUES (621, 'Horse_63_1', 4, 63);
INSERT INTO horses (id, name, age, customer_id)
VALUES (622, 'Horse_63_2', 14, 63);
INSERT INTO horses (id, name, age, customer_id)
VALUES (623, 'Horse_63_3', 10, 63);
INSERT INTO horses (id, name, age, customer_id)
VALUES (624, 'Horse_63_4', 10, 63);
INSERT INTO horses (id, name, age, customer_id)
VALUES (625, 'Horse_63_5', 3, 63);
INSERT INTO horses (id, name, age, customer_id)
VALUES (626, 'Horse_63_6', 15, 63);
INSERT INTO horses (id, name, age, customer_id)
VALUES (627, 'Horse_63_7', 6, 63);
INSERT INTO horses (id, name, age, customer_id)
VALUES (628, 'Horse_63_8', 3, 63);
INSERT INTO horses (id, name, age, customer_id)
VALUES (629, 'Horse_63_9', 14, 63);
INSERT INTO horses (id, name, age, customer_id)
VALUES (630, 'Horse_63_10', 8, 63);
INSERT INTO horses (id, name, age, customer_id)
VALUES (631, 'Horse_64_1', 11, 64);
INSERT INTO horses (id, name, age, customer_id)
VALUES (632, 'Horse_64_2', 10, 64);
INSERT INTO horses (id, name, age, customer_id)
VALUES (633, 'Horse_64_3', 10, 64);
INSERT INTO horses (id, name, age, customer_id)
VALUES (634, 'Horse_64_4', 12, 64);
INSERT INTO horses (id, name, age, customer_id)
VALUES (635, 'Horse_64_5', 13, 64);
INSERT INTO horses (id, name, age, customer_id)
VALUES (636, 'Horse_64_6', 15, 64);
INSERT INTO horses (id, name, age, customer_id)
VALUES (637, 'Horse_64_7', 5, 64);
INSERT INTO horses (id, name, age, customer_id)
VALUES (638, 'Horse_64_8', 4, 64);
INSERT INTO horses (id, name, age, customer_id)
VALUES (639, 'Horse_64_9', 3, 64);
INSERT INTO horses (id, name, age, customer_id)
VALUES (640, 'Horse_64_10', 5, 64);
INSERT INTO horses (id, name, age, customer_id)
VALUES (641, 'Horse_65_1', 4, 65);
INSERT INTO horses (id, name, age, customer_id)
VALUES (642, 'Horse_65_2', 15, 65);
INSERT INTO horses (id, name, age, customer_id)
VALUES (643, 'Horse_65_3', 5, 65);
INSERT INTO horses (id, name, age, customer_id)
VALUES (644, 'Horse_65_4', 7, 65);
INSERT INTO horses (id, name, age, customer_id)
VALUES (645, 'Horse_65_5', 10, 65);
INSERT INTO horses (id, name, age, customer_id)
VALUES (646, 'Horse_65_6', 13, 65);
INSERT INTO horses (id, name, age, customer_id)
VALUES (647, 'Horse_65_7', 5, 65);
INSERT INTO horses (id, name, age, customer_id)
VALUES (648, 'Horse_65_8', 10, 65);
INSERT INTO horses (id, name, age, customer_id)
VALUES (649, 'Horse_65_9', 13, 65);
INSERT INTO horses (id, name, age, customer_id)
VALUES (650, 'Horse_65_10', 8, 65);
INSERT INTO horses (id, name, age, customer_id)
VALUES (651, 'Horse_66_1', 15, 66);
INSERT INTO horses (id, name, age, customer_id)
VALUES (652, 'Horse_66_2', 8, 66);
INSERT INTO horses (id, name, age, customer_id)
VALUES (653, 'Horse_66_3', 12, 66);
INSERT INTO horses (id, name, age, customer_id)
VALUES (654, 'Horse_66_4', 7, 66);
INSERT INTO horses (id, name, age, customer_id)
VALUES (655, 'Horse_66_5', 5, 66);
INSERT INTO horses (id, name, age, customer_id)
VALUES (656, 'Horse_66_6', 15, 66);
INSERT INTO horses (id, name, age, customer_id)
VALUES (657, 'Horse_66_7', 14, 66);
INSERT INTO horses (id, name, age, customer_id)
VALUES (658, 'Horse_66_8', 7, 66);
INSERT INTO horses (id, name, age, customer_id)
VALUES (659, 'Horse_66_9', 13, 66);
INSERT INTO horses (id, name, age, customer_id)
VALUES (660, 'Horse_66_10', 12, 66);
INSERT INTO horses (id, name, age, customer_id)
VALUES (661, 'Horse_67_1', 15, 67);
INSERT INTO horses (id, name, age, customer_id)
VALUES (662, 'Horse_67_2', 11, 67);
INSERT INTO horses (id, name, age, customer_id)
VALUES (663, 'Horse_67_3', 5, 67);
INSERT INTO horses (id, name, age, customer_id)
VALUES (664, 'Horse_67_4', 7, 67);
INSERT INTO horses (id, name, age, customer_id)
VALUES (665, 'Horse_67_5', 8, 67);
INSERT INTO horses (id, name, age, customer_id)
VALUES (666, 'Horse_67_6', 4, 67);
INSERT INTO horses (id, name, age, customer_id)
VALUES (667, 'Horse_67_7', 5, 67);
INSERT INTO horses (id, name, age, customer_id)
VALUES (668, 'Horse_67_8', 8, 67);
INSERT INTO horses (id, name, age, customer_id)
VALUES (669, 'Horse_67_9', 15, 67);
INSERT INTO horses (id, name, age, customer_id)
VALUES (670, 'Horse_67_10', 10, 67);
INSERT INTO horses (id, name, age, customer_id)
VALUES (671, 'Horse_68_1', 5, 68);
INSERT INTO horses (id, name, age, customer_id)
VALUES (672, 'Horse_68_2', 8, 68);
INSERT INTO horses (id, name, age, customer_id)
VALUES (673, 'Horse_68_3', 10, 68);
INSERT INTO horses (id, name, age, customer_id)
VALUES (674, 'Horse_68_4', 8, 68);
INSERT INTO horses (id, name, age, customer_id)
VALUES (675, 'Horse_68_5', 13, 68);
INSERT INTO horses (id, name, age, customer_id)
VALUES (676, 'Horse_68_6', 11, 68);
INSERT INTO horses (id, name, age, customer_id)
VALUES (677, 'Horse_68_7', 9, 68);
INSERT INTO horses (id, name, age, customer_id)
VALUES (678, 'Horse_68_8', 11, 68);
INSERT INTO horses (id, name, age, customer_id)
VALUES (679, 'Horse_68_9', 12, 68);
INSERT INTO horses (id, name, age, customer_id)
VALUES (680, 'Horse_68_10', 15, 68);
INSERT INTO horses (id, name, age, customer_id)
VALUES (681, 'Horse_69_1', 14, 69);
INSERT INTO horses (id, name, age, customer_id)
VALUES (682, 'Horse_69_2', 8, 69);
INSERT INTO horses (id, name, age, customer_id)
VALUES (683, 'Horse_69_3', 12, 69);
INSERT INTO horses (id, name, age, customer_id)
VALUES (684, 'Horse_69_4', 12, 69);
INSERT INTO horses (id, name, age, customer_id)
VALUES (685, 'Horse_69_5', 4, 69);
INSERT INTO horses (id, name, age, customer_id)
VALUES (686, 'Horse_69_6', 9, 69);
INSERT INTO horses (id, name, age, customer_id)
VALUES (687, 'Horse_69_7', 13, 69);
INSERT INTO horses (id, name, age, customer_id)
VALUES (688, 'Horse_69_8', 13, 69);
INSERT INTO horses (id, name, age, customer_id)
VALUES (689, 'Horse_69_9', 15, 69);
INSERT INTO horses (id, name, age, customer_id)
VALUES (690, 'Horse_69_10', 12, 69);
INSERT INTO horses (id, name, age, customer_id)
VALUES (691, 'Horse_70_1', 3, 70);
INSERT INTO horses (id, name, age, customer_id)
VALUES (692, 'Horse_70_2', 11, 70);
INSERT INTO horses (id, name, age, customer_id)
VALUES (693, 'Horse_70_3', 7, 70);
INSERT INTO horses (id, name, age, customer_id)
VALUES (694, 'Horse_70_4', 8, 70);
INSERT INTO horses (id, name, age, customer_id)
VALUES (695, 'Horse_70_5', 13, 70);
INSERT INTO horses (id, name, age, customer_id)
VALUES (696, 'Horse_70_6', 12, 70);
INSERT INTO horses (id, name, age, customer_id)
VALUES (697, 'Horse_70_7', 6, 70);
INSERT INTO horses (id, name, age, customer_id)
VALUES (698, 'Horse_70_8', 4, 70);
INSERT INTO horses (id, name, age, customer_id)
VALUES (699, 'Horse_70_9', 5, 70);
INSERT INTO horses (id, name, age, customer_id)
VALUES (700, 'Horse_70_10', 4, 70);
INSERT INTO horses (id, name, age, customer_id)
VALUES (701, 'Horse_71_1', 4, 71);
INSERT INTO horses (id, name, age, customer_id)
VALUES (702, 'Horse_71_2', 13, 71);
INSERT INTO horses (id, name, age, customer_id)
VALUES (703, 'Horse_71_3', 14, 71);
INSERT INTO horses (id, name, age, customer_id)
VALUES (704, 'Horse_71_4', 6, 71);
INSERT INTO horses (id, name, age, customer_id)
VALUES (705, 'Horse_71_5', 10, 71);
INSERT INTO horses (id, name, age, customer_id)
VALUES (706, 'Horse_71_6', 11, 71);
INSERT INTO horses (id, name, age, customer_id)
VALUES (707, 'Horse_71_7', 9, 71);
INSERT INTO horses (id, name, age, customer_id)
VALUES (708, 'Horse_71_8', 13, 71);
INSERT INTO horses (id, name, age, customer_id)
VALUES (709, 'Horse_71_9', 8, 71);
INSERT INTO horses (id, name, age, customer_id)
VALUES (710, 'Horse_71_10', 5, 71);
INSERT INTO horses (id, name, age, customer_id)
VALUES (711, 'Horse_72_1', 5, 72);
INSERT INTO horses (id, name, age, customer_id)
VALUES (712, 'Horse_72_2', 15, 72);
INSERT INTO horses (id, name, age, customer_id)
VALUES (713, 'Horse_72_3', 12, 72);
INSERT INTO horses (id, name, age, customer_id)
VALUES (714, 'Horse_72_4', 5, 72);
INSERT INTO horses (id, name, age, customer_id)
VALUES (715, 'Horse_72_5', 15, 72);
INSERT INTO horses (id, name, age, customer_id)
VALUES (716, 'Horse_72_6', 10, 72);
INSERT INTO horses (id, name, age, customer_id)
VALUES (717, 'Horse_72_7', 11, 72);
INSERT INTO horses (id, name, age, customer_id)
VALUES (718, 'Horse_72_8', 7, 72);
INSERT INTO horses (id, name, age, customer_id)
VALUES (719, 'Horse_72_9', 6, 72);
INSERT INTO horses (id, name, age, customer_id)
VALUES (720, 'Horse_72_10', 6, 72);
INSERT INTO horses (id, name, age, customer_id)
VALUES (721, 'Horse_73_1', 14, 73);
INSERT INTO horses (id, name, age, customer_id)
VALUES (722, 'Horse_73_2', 8, 73);
INSERT INTO horses (id, name, age, customer_id)
VALUES (723, 'Horse_73_3', 7, 73);
INSERT INTO horses (id, name, age, customer_id)
VALUES (724, 'Horse_73_4', 8, 73);
INSERT INTO horses (id, name, age, customer_id)
VALUES (725, 'Horse_73_5', 5, 73);
INSERT INTO horses (id, name, age, customer_id)
VALUES (726, 'Horse_73_6', 5, 73);
INSERT INTO horses (id, name, age, customer_id)
VALUES (727, 'Horse_73_7', 3, 73);
INSERT INTO horses (id, name, age, customer_id)
VALUES (728, 'Horse_73_8', 3, 73);
INSERT INTO horses (id, name, age, customer_id)
VALUES (729, 'Horse_73_9', 13, 73);
INSERT INTO horses (id, name, age, customer_id)
VALUES (730, 'Horse_73_10', 7, 73);
INSERT INTO horses (id, name, age, customer_id)
VALUES (731, 'Horse_74_1', 15, 74);
INSERT INTO horses (id, name, age, customer_id)
VALUES (732, 'Horse_74_2', 15, 74);
INSERT INTO horses (id, name, age, customer_id)
VALUES (733, 'Horse_74_3', 9, 74);
INSERT INTO horses (id, name, age, customer_id)
VALUES (734, 'Horse_74_4', 3, 74);
INSERT INTO horses (id, name, age, customer_id)
VALUES (735, 'Horse_74_5', 9, 74);
INSERT INTO horses (id, name, age, customer_id)
VALUES (736, 'Horse_74_6', 4, 74);
INSERT INTO horses (id, name, age, customer_id)
VALUES (737, 'Horse_74_7', 5, 74);
INSERT INTO horses (id, name, age, customer_id)
VALUES (738, 'Horse_74_8', 3, 74);
INSERT INTO horses (id, name, age, customer_id)
VALUES (739, 'Horse_74_9', 12, 74);
INSERT INTO horses (id, name, age, customer_id)
VALUES (740, 'Horse_74_10', 11, 74);
INSERT INTO horses (id, name, age, customer_id)
VALUES (741, 'Horse_75_1', 8, 75);
INSERT INTO horses (id, name, age, customer_id)
VALUES (742, 'Horse_75_2', 10, 75);
INSERT INTO horses (id, name, age, customer_id)
VALUES (743, 'Horse_75_3', 5, 75);
INSERT INTO horses (id, name, age, customer_id)
VALUES (744, 'Horse_75_4', 6, 75);
INSERT INTO horses (id, name, age, customer_id)
VALUES (745, 'Horse_75_5', 10, 75);
INSERT INTO horses (id, name, age, customer_id)
VALUES (746, 'Horse_75_6', 14, 75);
INSERT INTO horses (id, name, age, customer_id)
VALUES (747, 'Horse_75_7', 8, 75);
INSERT INTO horses (id, name, age, customer_id)
VALUES (748, 'Horse_75_8', 8, 75);
INSERT INTO horses (id, name, age, customer_id)
VALUES (749, 'Horse_75_9', 4, 75);
INSERT INTO horses (id, name, age, customer_id)
VALUES (750, 'Horse_75_10', 10, 75);
INSERT INTO horses (id, name, age, customer_id)
VALUES (751, 'Horse_76_1', 10, 76);
INSERT INTO horses (id, name, age, customer_id)
VALUES (752, 'Horse_76_2', 3, 76);
INSERT INTO horses (id, name, age, customer_id)
VALUES (753, 'Horse_76_3', 9, 76);
INSERT INTO horses (id, name, age, customer_id)
VALUES (754, 'Horse_76_4', 12, 76);
INSERT INTO horses (id, name, age, customer_id)
VALUES (755, 'Horse_76_5', 12, 76);
INSERT INTO horses (id, name, age, customer_id)
VALUES (756, 'Horse_76_6', 7, 76);
INSERT INTO horses (id, name, age, customer_id)
VALUES (757, 'Horse_76_7', 12, 76);
INSERT INTO horses (id, name, age, customer_id)
VALUES (758, 'Horse_76_8', 14, 76);
INSERT INTO horses (id, name, age, customer_id)
VALUES (759, 'Horse_76_9', 13, 76);
INSERT INTO horses (id, name, age, customer_id)
VALUES (760, 'Horse_76_10', 6, 76);
INSERT INTO horses (id, name, age, customer_id)
VALUES (761, 'Horse_77_1', 8, 77);
INSERT INTO horses (id, name, age, customer_id)
VALUES (762, 'Horse_77_2', 9, 77);
INSERT INTO horses (id, name, age, customer_id)
VALUES (763, 'Horse_77_3', 7, 77);
INSERT INTO horses (id, name, age, customer_id)
VALUES (764, 'Horse_77_4', 3, 77);
INSERT INTO horses (id, name, age, customer_id)
VALUES (765, 'Horse_77_5', 6, 77);
INSERT INTO horses (id, name, age, customer_id)
VALUES (766, 'Horse_77_6', 3, 77);
INSERT INTO horses (id, name, age, customer_id)
VALUES (767, 'Horse_77_7', 14, 77);
INSERT INTO horses (id, name, age, customer_id)
VALUES (768, 'Horse_77_8', 8, 77);
INSERT INTO horses (id, name, age, customer_id)
VALUES (769, 'Horse_77_9', 11, 77);
INSERT INTO horses (id, name, age, customer_id)
VALUES (770, 'Horse_77_10', 4, 77);
INSERT INTO horses (id, name, age, customer_id)
VALUES (771, 'Horse_78_1', 7, 78);
INSERT INTO horses (id, name, age, customer_id)
VALUES (772, 'Horse_78_2', 9, 78);
INSERT INTO horses (id, name, age, customer_id)
VALUES (773, 'Horse_78_3', 13, 78);
INSERT INTO horses (id, name, age, customer_id)
VALUES (774, 'Horse_78_4', 11, 78);
INSERT INTO horses (id, name, age, customer_id)
VALUES (775, 'Horse_78_5', 3, 78);
INSERT INTO horses (id, name, age, customer_id)
VALUES (776, 'Horse_78_6', 3, 78);
INSERT INTO horses (id, name, age, customer_id)
VALUES (777, 'Horse_78_7', 9, 78);
INSERT INTO horses (id, name, age, customer_id)
VALUES (778, 'Horse_78_8', 12, 78);
INSERT INTO horses (id, name, age, customer_id)
VALUES (779, 'Horse_78_9', 7, 78);
INSERT INTO horses (id, name, age, customer_id)
VALUES (780, 'Horse_78_10', 10, 78);
INSERT INTO horses (id, name, age, customer_id)
VALUES (781, 'Horse_79_1', 4, 79);
INSERT INTO horses (id, name, age, customer_id)
VALUES (782, 'Horse_79_2', 9, 79);
INSERT INTO horses (id, name, age, customer_id)
VALUES (783, 'Horse_79_3', 8, 79);
INSERT INTO horses (id, name, age, customer_id)
VALUES (784, 'Horse_79_4', 14, 79);
INSERT INTO horses (id, name, age, customer_id)
VALUES (785, 'Horse_79_5', 9, 79);
INSERT INTO horses (id, name, age, customer_id)
VALUES (786, 'Horse_79_6', 6, 79);
INSERT INTO horses (id, name, age, customer_id)
VALUES (787, 'Horse_79_7', 9, 79);
INSERT INTO horses (id, name, age, customer_id)
VALUES (788, 'Horse_79_8', 9, 79);
INSERT INTO horses (id, name, age, customer_id)
VALUES (789, 'Horse_79_9', 15, 79);
INSERT INTO horses (id, name, age, customer_id)
VALUES (790, 'Horse_79_10', 15, 79);
INSERT INTO horses (id, name, age, customer_id)
VALUES (791, 'Horse_80_1', 11, 80);
INSERT INTO horses (id, name, age, customer_id)
VALUES (792, 'Horse_80_2', 15, 80);
INSERT INTO horses (id, name, age, customer_id)
VALUES (793, 'Horse_80_3', 12, 80);
INSERT INTO horses (id, name, age, customer_id)
VALUES (794, 'Horse_80_4', 9, 80);
INSERT INTO horses (id, name, age, customer_id)
VALUES (795, 'Horse_80_5', 15, 80);
INSERT INTO horses (id, name, age, customer_id)
VALUES (796, 'Horse_80_6', 11, 80);
INSERT INTO horses (id, name, age, customer_id)
VALUES (797, 'Horse_80_7', 3, 80);
INSERT INTO horses (id, name, age, customer_id)
VALUES (798, 'Horse_80_8', 7, 80);
INSERT INTO horses (id, name, age, customer_id)
VALUES (799, 'Horse_80_9', 10, 80);
INSERT INTO horses (id, name, age, customer_id)
VALUES (800, 'Horse_80_10', 6, 80);
INSERT INTO horses (id, name, age, customer_id)
VALUES (801, 'Horse_81_1', 14, 81);
INSERT INTO horses (id, name, age, customer_id)
VALUES (802, 'Horse_81_2', 14, 81);
INSERT INTO horses (id, name, age, customer_id)
VALUES (803, 'Horse_81_3', 7, 81);
INSERT INTO horses (id, name, age, customer_id)
VALUES (804, 'Horse_81_4', 10, 81);
INSERT INTO horses (id, name, age, customer_id)
VALUES (805, 'Horse_81_5', 10, 81);
INSERT INTO horses (id, name, age, customer_id)
VALUES (806, 'Horse_81_6', 12, 81);
INSERT INTO horses (id, name, age, customer_id)
VALUES (807, 'Horse_81_7', 11, 81);
INSERT INTO horses (id, name, age, customer_id)
VALUES (808, 'Horse_81_8', 4, 81);
INSERT INTO horses (id, name, age, customer_id)
VALUES (809, 'Horse_81_9', 11, 81);
INSERT INTO horses (id, name, age, customer_id)
VALUES (810, 'Horse_81_10', 12, 81);
INSERT INTO horses (id, name, age, customer_id)
VALUES (811, 'Horse_82_1', 4, 82);
INSERT INTO horses (id, name, age, customer_id)
VALUES (812, 'Horse_82_2', 13, 82);
INSERT INTO horses (id, name, age, customer_id)
VALUES (813, 'Horse_82_3', 9, 82);
INSERT INTO horses (id, name, age, customer_id)
VALUES (814, 'Horse_82_4', 3, 82);
INSERT INTO horses (id, name, age, customer_id)
VALUES (815, 'Horse_82_5', 7, 82);
INSERT INTO horses (id, name, age, customer_id)
VALUES (816, 'Horse_82_6', 3, 82);
INSERT INTO horses (id, name, age, customer_id)
VALUES (817, 'Horse_82_7', 13, 82);
INSERT INTO horses (id, name, age, customer_id)
VALUES (818, 'Horse_82_8', 14, 82);
INSERT INTO horses (id, name, age, customer_id)
VALUES (819, 'Horse_82_9', 4, 82);
INSERT INTO horses (id, name, age, customer_id)
VALUES (820, 'Horse_82_10', 10, 82);
INSERT INTO horses (id, name, age, customer_id)
VALUES (821, 'Horse_83_1', 3, 83);
INSERT INTO horses (id, name, age, customer_id)
VALUES (822, 'Horse_83_2', 14, 83);
INSERT INTO horses (id, name, age, customer_id)
VALUES (823, 'Horse_83_3', 6, 83);
INSERT INTO horses (id, name, age, customer_id)
VALUES (824, 'Horse_83_4', 7, 83);
INSERT INTO horses (id, name, age, customer_id)
VALUES (825, 'Horse_83_5', 15, 83);
INSERT INTO horses (id, name, age, customer_id)
VALUES (826, 'Horse_83_6', 15, 83);
INSERT INTO horses (id, name, age, customer_id)
VALUES (827, 'Horse_83_7', 14, 83);
INSERT INTO horses (id, name, age, customer_id)
VALUES (828, 'Horse_83_8', 13, 83);
INSERT INTO horses (id, name, age, customer_id)
VALUES (829, 'Horse_83_9', 13, 83);
INSERT INTO horses (id, name, age, customer_id)
VALUES (830, 'Horse_83_10', 3, 83);
INSERT INTO horses (id, name, age, customer_id)
VALUES (831, 'Horse_84_1', 8, 84);
INSERT INTO horses (id, name, age, customer_id)
VALUES (832, 'Horse_84_2', 5, 84);
INSERT INTO horses (id, name, age, customer_id)
VALUES (833, 'Horse_84_3', 12, 84);
INSERT INTO horses (id, name, age, customer_id)
VALUES (834, 'Horse_84_4', 7, 84);
INSERT INTO horses (id, name, age, customer_id)
VALUES (835, 'Horse_84_5', 3, 84);
INSERT INTO horses (id, name, age, customer_id)
VALUES (836, 'Horse_84_6', 9, 84);
INSERT INTO horses (id, name, age, customer_id)
VALUES (837, 'Horse_84_7', 11, 84);
INSERT INTO horses (id, name, age, customer_id)
VALUES (838, 'Horse_84_8', 13, 84);
INSERT INTO horses (id, name, age, customer_id)
VALUES (839, 'Horse_84_9', 15, 84);
INSERT INTO horses (id, name, age, customer_id)
VALUES (840, 'Horse_84_10', 9, 84);
INSERT INTO horses (id, name, age, customer_id)
VALUES (841, 'Horse_85_1', 13, 85);
INSERT INTO horses (id, name, age, customer_id)
VALUES (842, 'Horse_85_2', 12, 85);
INSERT INTO horses (id, name, age, customer_id)
VALUES (843, 'Horse_85_3', 11, 85);
INSERT INTO horses (id, name, age, customer_id)
VALUES (844, 'Horse_85_4', 3, 85);
INSERT INTO horses (id, name, age, customer_id)
VALUES (845, 'Horse_85_5', 15, 85);
INSERT INTO horses (id, name, age, customer_id)
VALUES (846, 'Horse_85_6', 7, 85);
INSERT INTO horses (id, name, age, customer_id)
VALUES (847, 'Horse_85_7', 12, 85);
INSERT INTO horses (id, name, age, customer_id)
VALUES (848, 'Horse_85_8', 10, 85);
INSERT INTO horses (id, name, age, customer_id)
VALUES (849, 'Horse_85_9', 12, 85);
INSERT INTO horses (id, name, age, customer_id)
VALUES (850, 'Horse_85_10', 14, 85);
INSERT INTO horses (id, name, age, customer_id)
VALUES (851, 'Horse_86_1', 10, 86);
INSERT INTO horses (id, name, age, customer_id)
VALUES (852, 'Horse_86_2', 8, 86);
INSERT INTO horses (id, name, age, customer_id)
VALUES (853, 'Horse_86_3', 7, 86);
INSERT INTO horses (id, name, age, customer_id)
VALUES (854, 'Horse_86_4', 10, 86);
INSERT INTO horses (id, name, age, customer_id)
VALUES (855, 'Horse_86_5', 8, 86);
INSERT INTO horses (id, name, age, customer_id)
VALUES (856, 'Horse_86_6', 3, 86);
INSERT INTO horses (id, name, age, customer_id)
VALUES (857, 'Horse_86_7', 3, 86);
INSERT INTO horses (id, name, age, customer_id)
VALUES (858, 'Horse_86_8', 9, 86);
INSERT INTO horses (id, name, age, customer_id)
VALUES (859, 'Horse_86_9', 15, 86);
INSERT INTO horses (id, name, age, customer_id)
VALUES (860, 'Horse_86_10', 5, 86);
INSERT INTO horses (id, name, age, customer_id)
VALUES (861, 'Horse_87_1', 10, 87);
INSERT INTO horses (id, name, age, customer_id)
VALUES (862, 'Horse_87_2', 12, 87);
INSERT INTO horses (id, name, age, customer_id)
VALUES (863, 'Horse_87_3', 4, 87);
INSERT INTO horses (id, name, age, customer_id)
VALUES (864, 'Horse_87_4', 4, 87);
INSERT INTO horses (id, name, age, customer_id)
VALUES (865, 'Horse_87_5', 8, 87);
INSERT INTO horses (id, name, age, customer_id)
VALUES (866, 'Horse_87_6', 14, 87);
INSERT INTO horses (id, name, age, customer_id)
VALUES (867, 'Horse_87_7', 3, 87);
INSERT INTO horses (id, name, age, customer_id)
VALUES (868, 'Horse_87_8', 13, 87);
INSERT INTO horses (id, name, age, customer_id)
VALUES (869, 'Horse_87_9', 9, 87);
INSERT INTO horses (id, name, age, customer_id)
VALUES (870, 'Horse_87_10', 9, 87);
INSERT INTO horses (id, name, age, customer_id)
VALUES (871, 'Horse_88_1', 15, 88);
INSERT INTO horses (id, name, age, customer_id)
VALUES (872, 'Horse_88_2', 11, 88);
INSERT INTO horses (id, name, age, customer_id)
VALUES (873, 'Horse_88_3', 10, 88);
INSERT INTO horses (id, name, age, customer_id)
VALUES (874, 'Horse_88_4', 8, 88);
INSERT INTO horses (id, name, age, customer_id)
VALUES (875, 'Horse_88_5', 6, 88);
INSERT INTO horses (id, name, age, customer_id)
VALUES (876, 'Horse_88_6', 14, 88);
INSERT INTO horses (id, name, age, customer_id)
VALUES (877, 'Horse_88_7', 13, 88);
INSERT INTO horses (id, name, age, customer_id)
VALUES (878, 'Horse_88_8', 8, 88);
INSERT INTO horses (id, name, age, customer_id)
VALUES (879, 'Horse_88_9', 4, 88);
INSERT INTO horses (id, name, age, customer_id)
VALUES (880, 'Horse_88_10', 6, 88);
INSERT INTO horses (id, name, age, customer_id)
VALUES (881, 'Horse_89_1', 3, 89);
INSERT INTO horses (id, name, age, customer_id)
VALUES (882, 'Horse_89_2', 15, 89);
INSERT INTO horses (id, name, age, customer_id)
VALUES (883, 'Horse_89_3', 12, 89);
INSERT INTO horses (id, name, age, customer_id)
VALUES (884, 'Horse_89_4', 4, 89);
INSERT INTO horses (id, name, age, customer_id)
VALUES (885, 'Horse_89_5', 7, 89);
INSERT INTO horses (id, name, age, customer_id)
VALUES (886, 'Horse_89_6', 5, 89);
INSERT INTO horses (id, name, age, customer_id)
VALUES (887, 'Horse_89_7', 13, 89);
INSERT INTO horses (id, name, age, customer_id)
VALUES (888, 'Horse_89_8', 4, 89);
INSERT INTO horses (id, name, age, customer_id)
VALUES (889, 'Horse_89_9', 8, 89);
INSERT INTO horses (id, name, age, customer_id)
VALUES (890, 'Horse_89_10', 9, 89);
INSERT INTO horses (id, name, age, customer_id)
VALUES (891, 'Horse_90_1', 11, 90);
INSERT INTO horses (id, name, age, customer_id)
VALUES (892, 'Horse_90_2', 3, 90);
INSERT INTO horses (id, name, age, customer_id)
VALUES (893, 'Horse_90_3', 11, 90);
INSERT INTO horses (id, name, age, customer_id)
VALUES (894, 'Horse_90_4', 15, 90);
INSERT INTO horses (id, name, age, customer_id)
VALUES (895, 'Horse_90_5', 12, 90);
INSERT INTO horses (id, name, age, customer_id)
VALUES (896, 'Horse_90_6', 6, 90);
INSERT INTO horses (id, name, age, customer_id)
VALUES (897, 'Horse_90_7', 4, 90);
INSERT INTO horses (id, name, age, customer_id)
VALUES (898, 'Horse_90_8', 10, 90);
INSERT INTO horses (id, name, age, customer_id)
VALUES (899, 'Horse_90_9', 12, 90);
INSERT INTO horses (id, name, age, customer_id)
VALUES (900, 'Horse_90_10', 5, 90);
INSERT INTO horses (id, name, age, customer_id)
VALUES (901, 'Horse_91_1', 12, 91);
INSERT INTO horses (id, name, age, customer_id)
VALUES (902, 'Horse_91_2', 4, 91);
INSERT INTO horses (id, name, age, customer_id)
VALUES (903, 'Horse_91_3', 13, 91);
INSERT INTO horses (id, name, age, customer_id)
VALUES (904, 'Horse_91_4', 4, 91);
INSERT INTO horses (id, name, age, customer_id)
VALUES (905, 'Horse_91_5', 9, 91);
INSERT INTO horses (id, name, age, customer_id)
VALUES (906, 'Horse_91_6', 9, 91);
INSERT INTO horses (id, name, age, customer_id)
VALUES (907, 'Horse_91_7', 3, 91);
INSERT INTO horses (id, name, age, customer_id)
VALUES (908, 'Horse_91_8', 9, 91);
INSERT INTO horses (id, name, age, customer_id)
VALUES (909, 'Horse_91_9', 12, 91);
INSERT INTO horses (id, name, age, customer_id)
VALUES (910, 'Horse_91_10', 15, 91);
INSERT INTO horses (id, name, age, customer_id)
VALUES (911, 'Horse_92_1', 3, 92);
INSERT INTO horses (id, name, age, customer_id)
VALUES (912, 'Horse_92_2', 6, 92);
INSERT INTO horses (id, name, age, customer_id)
VALUES (913, 'Horse_92_3', 14, 92);
INSERT INTO horses (id, name, age, customer_id)
VALUES (914, 'Horse_92_4', 10, 92);
INSERT INTO horses (id, name, age, customer_id)
VALUES (915, 'Horse_92_5', 14, 92);
INSERT INTO horses (id, name, age, customer_id)
VALUES (916, 'Horse_92_6', 9, 92);
INSERT INTO horses (id, name, age, customer_id)
VALUES (917, 'Horse_92_7', 4, 92);
INSERT INTO horses (id, name, age, customer_id)
VALUES (918, 'Horse_92_8', 6, 92);
INSERT INTO horses (id, name, age, customer_id)
VALUES (919, 'Horse_92_9', 8, 92);
INSERT INTO horses (id, name, age, customer_id)
VALUES (920, 'Horse_92_10', 6, 92);
INSERT INTO horses (id, name, age, customer_id)
VALUES (921, 'Horse_93_1', 5, 93);
INSERT INTO horses (id, name, age, customer_id)
VALUES (922, 'Horse_93_2', 13, 93);
INSERT INTO horses (id, name, age, customer_id)
VALUES (923, 'Horse_93_3', 5, 93);
INSERT INTO horses (id, name, age, customer_id)
VALUES (924, 'Horse_93_4', 4, 93);
INSERT INTO horses (id, name, age, customer_id)
VALUES (925, 'Horse_93_5', 6, 93);
INSERT INTO horses (id, name, age, customer_id)
VALUES (926, 'Horse_93_6', 14, 93);
INSERT INTO horses (id, name, age, customer_id)
VALUES (927, 'Horse_93_7', 14, 93);
INSERT INTO horses (id, name, age, customer_id)
VALUES (928, 'Horse_93_8', 4, 93);
INSERT INTO horses (id, name, age, customer_id)
VALUES (929, 'Horse_93_9', 4, 93);
INSERT INTO horses (id, name, age, customer_id)
VALUES (930, 'Horse_93_10', 7, 93);
INSERT INTO horses (id, name, age, customer_id)
VALUES (931, 'Horse_94_1', 15, 94);
INSERT INTO horses (id, name, age, customer_id)
VALUES (932, 'Horse_94_2', 9, 94);
INSERT INTO horses (id, name, age, customer_id)
VALUES (933, 'Horse_94_3', 3, 94);
INSERT INTO horses (id, name, age, customer_id)
VALUES (934, 'Horse_94_4', 13, 94);
INSERT INTO horses (id, name, age, customer_id)
VALUES (935, 'Horse_94_5', 9, 94);
INSERT INTO horses (id, name, age, customer_id)
VALUES (936, 'Horse_94_6', 5, 94);
INSERT INTO horses (id, name, age, customer_id)
VALUES (937, 'Horse_94_7', 14, 94);
INSERT INTO horses (id, name, age, customer_id)
VALUES (938, 'Horse_94_8', 9, 94);
INSERT INTO horses (id, name, age, customer_id)
VALUES (939, 'Horse_94_9', 4, 94);
INSERT INTO horses (id, name, age, customer_id)
VALUES (940, 'Horse_94_10', 12, 94);
INSERT INTO horses (id, name, age, customer_id)
VALUES (941, 'Horse_95_1', 7, 95);
INSERT INTO horses (id, name, age, customer_id)
VALUES (942, 'Horse_95_2', 9, 95);
INSERT INTO horses (id, name, age, customer_id)
VALUES (943, 'Horse_95_3', 4, 95);
INSERT INTO horses (id, name, age, customer_id)
VALUES (944, 'Horse_95_4', 5, 95);
INSERT INTO horses (id, name, age, customer_id)
VALUES (945, 'Horse_95_5', 14, 95);
INSERT INTO horses (id, name, age, customer_id)
VALUES (946, 'Horse_95_6', 13, 95);
INSERT INTO horses (id, name, age, customer_id)
VALUES (947, 'Horse_95_7', 6, 95);
INSERT INTO horses (id, name, age, customer_id)
VALUES (948, 'Horse_95_8', 10, 95);
INSERT INTO horses (id, name, age, customer_id)
VALUES (949, 'Horse_95_9', 3, 95);
INSERT INTO horses (id, name, age, customer_id)
VALUES (950, 'Horse_95_10', 10, 95);
INSERT INTO horses (id, name, age, customer_id)
VALUES (951, 'Horse_96_1', 7, 96);
INSERT INTO horses (id, name, age, customer_id)
VALUES (952, 'Horse_96_2', 4, 96);
INSERT INTO horses (id, name, age, customer_id)
VALUES (953, 'Horse_96_3', 4, 96);
INSERT INTO horses (id, name, age, customer_id)
VALUES (954, 'Horse_96_4', 14, 96);
INSERT INTO horses (id, name, age, customer_id)
VALUES (955, 'Horse_96_5', 9, 96);
INSERT INTO horses (id, name, age, customer_id)
VALUES (956, 'Horse_96_6', 8, 96);
INSERT INTO horses (id, name, age, customer_id)
VALUES (957, 'Horse_96_7', 11, 96);
INSERT INTO horses (id, name, age, customer_id)
VALUES (958, 'Horse_96_8', 4, 96);
INSERT INTO horses (id, name, age, customer_id)
VALUES (959, 'Horse_96_9', 4, 96);
INSERT INTO horses (id, name, age, customer_id)
VALUES (960, 'Horse_96_10', 13, 96);
INSERT INTO horses (id, name, age, customer_id)
VALUES (961, 'Horse_97_1', 9, 97);
INSERT INTO horses (id, name, age, customer_id)
VALUES (962, 'Horse_97_2', 14, 97);
INSERT INTO horses (id, name, age, customer_id)
VALUES (963, 'Horse_97_3', 8, 97);
INSERT INTO horses (id, name, age, customer_id)
VALUES (964, 'Horse_97_4', 14, 97);
INSERT INTO horses (id, name, age, customer_id)
VALUES (965, 'Horse_97_5', 4, 97);
INSERT INTO horses (id, name, age, customer_id)
VALUES (966, 'Horse_97_6', 3, 97);
INSERT INTO horses (id, name, age, customer_id)
VALUES (967, 'Horse_97_7', 5, 97);
INSERT INTO horses (id, name, age, customer_id)
VALUES (968, 'Horse_97_8', 15, 97);
INSERT INTO horses (id, name, age, customer_id)
VALUES (969, 'Horse_97_9', 9, 97);
INSERT INTO horses (id, name, age, customer_id)
VALUES (970, 'Horse_97_10', 5, 97);
INSERT INTO horses (id, name, age, customer_id)
VALUES (971, 'Horse_98_1', 9, 98);
INSERT INTO horses (id, name, age, customer_id)
VALUES (972, 'Horse_98_2', 5, 98);
INSERT INTO horses (id, name, age, customer_id)
VALUES (973, 'Horse_98_3', 3, 98);
INSERT INTO horses (id, name, age, customer_id)
VALUES (974, 'Horse_98_4', 5, 98);
INSERT INTO horses (id, name, age, customer_id)
VALUES (975, 'Horse_98_5', 5, 98);
INSERT INTO horses (id, name, age, customer_id)
VALUES (976, 'Horse_98_6', 5, 98);
INSERT INTO horses (id, name, age, customer_id)
VALUES (977, 'Horse_98_7', 13, 98);
INSERT INTO horses (id, name, age, customer_id)
VALUES (978, 'Horse_98_8', 3, 98);
INSERT INTO horses (id, name, age, customer_id)
VALUES (979, 'Horse_98_9', 13, 98);
INSERT INTO horses (id, name, age, customer_id)
VALUES (980, 'Horse_98_10', 8, 98);
INSERT INTO horses (id, name, age, customer_id)
VALUES (981, 'Horse_99_1', 3, 99);
INSERT INTO horses (id, name, age, customer_id)
VALUES (982, 'Horse_99_2', 4, 99);
INSERT INTO horses (id, name, age, customer_id)
VALUES (983, 'Horse_99_3', 5, 99);
INSERT INTO horses (id, name, age, customer_id)
VALUES (984, 'Horse_99_4', 10, 99);
INSERT INTO horses (id, name, age, customer_id)
VALUES (985, 'Horse_99_5', 11, 99);
INSERT INTO horses (id, name, age, customer_id)
VALUES (986, 'Horse_99_6', 7, 99);
INSERT INTO horses (id, name, age, customer_id)
VALUES (987, 'Horse_99_7', 12, 99);
INSERT INTO horses (id, name, age, customer_id)
VALUES (988, 'Horse_99_8', 15, 99);
INSERT INTO horses (id, name, age, customer_id)
VALUES (989, 'Horse_99_9', 6, 99);
INSERT INTO horses (id, name, age, customer_id)
VALUES (990, 'Horse_99_10', 12, 99);
INSERT INTO horses (id, name, age, customer_id)
VALUES (991, 'Horse_100_1', 3, 100);
INSERT INTO horses (id, name, age, customer_id)
VALUES (992, 'Horse_100_2', 13, 100);
INSERT INTO horses (id, name, age, customer_id)
VALUES (993, 'Horse_100_3', 15, 100);
INSERT INTO horses (id, name, age, customer_id)
VALUES (994, 'Horse_100_4', 3, 100);
INSERT INTO horses (id, name, age, customer_id)
VALUES (995, 'Horse_100_5', 7, 100);
INSERT INTO horses (id, name, age, customer_id)
VALUES (996, 'Horse_100_6', 6, 100);
INSERT INTO horses (id, name, age, customer_id)
VALUES (997, 'Horse_100_7', 8, 100);
INSERT INTO horses (id, name, age, customer_id)
VALUES (998, 'Horse_100_8', 8, 100);
INSERT INTO horses (id, name, age, customer_id)
VALUES (999, 'Horse_100_9', 7, 100);
INSERT INTO horses (id, name, age, customer_id)
VALUES (1000, 'Horse_100_10', 6, 100);


INSERT INTO product_catalogs (id, name, type, price, user_id)
VALUES (1, 'Checkup U1-1', 'Checkup', 62.29, 1);
INSERT INTO product_catalogs (id, name, type, price, user_id)
VALUES (2, 'Supplements U1-2', 'Supplements', 118.77, 1);
INSERT INTO product_catalogs (id, name, type, price, user_id)
VALUES (3, 'Vaccine U1-3', 'Vaccine', 176.74, 1);
INSERT INTO product_catalogs (id, name, type, price, user_id)
VALUES (4, 'Dewormer U1-4', 'Dewormer', 133.61, 1);
INSERT INTO product_catalogs (id, name, type, price, user_id)
VALUES (5, 'Dewormer U1-5', 'Dewormer', 129.55, 1);
INSERT INTO product_catalogs (id, name, type, price, user_id)
VALUES (6, 'Supplements U1-6', 'Supplements', 138.32, 1);
INSERT INTO product_catalogs (id, name, type, price, user_id)
VALUES (7, 'Checkup U1-7', 'Checkup', 124.8, 1);
INSERT INTO product_catalogs (id, name, type, price, user_id)
VALUES (8, 'Dewormer U1-8', 'Dewormer', 93.05, 1);
INSERT INTO product_catalogs (id, name, type, price, user_id)
VALUES (9, 'Checkup U1-9', 'Checkup', 178.91, 1);
INSERT INTO product_catalogs (id, name, type, price, user_id)
VALUES (10, 'Dewormer U1-10', 'Dewormer', 50.35, 1);
INSERT INTO product_catalogs (id, name, type, price, user_id)
VALUES (11, 'Dewormer U1-11', 'Dewormer', 109.05, 1);
INSERT INTO product_catalogs (id, name, type, price, user_id)
VALUES (12, 'Supplements U1-12', 'Supplements', 161.51, 1);
INSERT INTO product_catalogs (id, name, type, price, user_id)
VALUES (13, 'Hoof Care U1-13', 'Hoof Care', 21.02, 1);
INSERT INTO product_catalogs (id, name, type, price, user_id)
VALUES (14, 'Vaccine U1-14', 'Vaccine', 115.01, 1);
INSERT INTO product_catalogs (id, name, type, price, user_id)
VALUES (15, 'Vaccine U1-15', 'Vaccine', 185.97, 1);
INSERT INTO product_catalogs (id, name, type, price, user_id)
VALUES (16, 'Hoof Care U1-16', 'Hoof Care', 48.23, 1);
INSERT INTO product_catalogs (id, name, type, price, user_id)
VALUES (17, 'Supplements U1-17', 'Supplements', 103.25, 1);
INSERT INTO product_catalogs (id, name, type, price, user_id)
VALUES (18, 'Hoof Care U1-18', 'Hoof Care', 27.31, 1);
INSERT INTO product_catalogs (id, name, type, price, user_id)
VALUES (19, 'Dewormer U1-19', 'Dewormer', 64.87, 1);
INSERT INTO product_catalogs (id, name, type, price, user_id)
VALUES (20, 'Vaccine U1-20', 'Vaccine', 173.85, 1);
INSERT INTO product_catalogs (id, name, type, price, user_id)
VALUES (21, 'Vaccine U1-21', 'Vaccine', 32.2, 1);
INSERT INTO product_catalogs (id, name, type, price, user_id)
VALUES (22, 'Dewormer U1-22', 'Dewormer', 27.26, 1);
INSERT INTO product_catalogs (id, name, type, price, user_id)
VALUES (23, 'Vaccine U1-23', 'Vaccine', 183.26, 1);
INSERT INTO product_catalogs (id, name, type, price, user_id)
VALUES (24, 'Dewormer U1-24', 'Dewormer', 99.16, 1);
INSERT INTO product_catalogs (id, name, type, price, user_id)
VALUES (25, 'Dewormer U1-25', 'Dewormer', 88.13, 1);
INSERT INTO product_catalogs (id, name, type, price, user_id)
VALUES (26, 'Hoof Care U1-26', 'Hoof Care', 111.24, 1);
INSERT INTO product_catalogs (id, name, type, price, user_id)
VALUES (27, 'Vaccine U1-27', 'Vaccine', 144.74, 1);
INSERT INTO product_catalogs (id, name, type, price, user_id)
VALUES (28, 'Vaccine U1-28', 'Vaccine', 96.72, 1);
INSERT INTO product_catalogs (id, name, type, price, user_id)
VALUES (29, 'Hoof Care U1-29', 'Hoof Care', 99.95, 1);
INSERT INTO product_catalogs (id, name, type, price, user_id)
VALUES (30, 'Dewormer U1-30', 'Dewormer', 185.92, 1);
INSERT INTO product_catalogs (id, name, type, price, user_id)
VALUES (31, 'Hoof Care U1-31', 'Hoof Care', 151.2, 1);
INSERT INTO product_catalogs (id, name, type, price, user_id)
VALUES (32, 'Checkup U1-32', 'Checkup', 194.56, 1);
INSERT INTO product_catalogs (id, name, type, price, user_id)
VALUES (33, 'Supplements U1-33', 'Supplements', 28.5, 1);
INSERT INTO product_catalogs (id, name, type, price, user_id)
VALUES (34, 'Dewormer U1-34', 'Dewormer', 66.34, 1);
INSERT INTO product_catalogs (id, name, type, price, user_id)
VALUES (35, 'Hoof Care U1-35', 'Hoof Care', 150.64, 1);
INSERT INTO product_catalogs (id, name, type, price, user_id)
VALUES (36, 'Checkup U1-36', 'Checkup', 175.44, 1);
INSERT INTO product_catalogs (id, name, type, price, user_id)
VALUES (37, 'Hoof Care U1-37', 'Hoof Care', 112.02, 1);
INSERT INTO product_catalogs (id, name, type, price, user_id)
VALUES (38, 'Supplements U1-38', 'Supplements', 125.83, 1);
INSERT INTO product_catalogs (id, name, type, price, user_id)
VALUES (39, 'Vaccine U1-39', 'Vaccine', 161.84, 1);
INSERT INTO product_catalogs (id, name, type, price, user_id)
VALUES (40, 'Checkup U1-40', 'Checkup', 156.4, 1);
INSERT INTO product_catalogs (id, name, type, price, user_id)
VALUES (41, 'Checkup U1-41', 'Checkup', 195.19, 1);
INSERT INTO product_catalogs (id, name, type, price, user_id)
VALUES (42, 'Vaccine U1-42', 'Vaccine', 161.63, 1);
INSERT INTO product_catalogs (id, name, type, price, user_id)
VALUES (43, 'Dewormer U1-43', 'Dewormer', 148.03, 1);
INSERT INTO product_catalogs (id, name, type, price, user_id)
VALUES (44, 'Supplements U1-44', 'Supplements', 97.25, 1);
INSERT INTO product_catalogs (id, name, type, price, user_id)
VALUES (45, 'Dewormer U1-45', 'Dewormer', 83.83, 1);
INSERT INTO product_catalogs (id, name, type, price, user_id)
VALUES (46, 'Supplements U1-46', 'Supplements', 116.48, 1);
INSERT INTO product_catalogs (id, name, type, price, user_id)
VALUES (47, 'Supplements U1-47', 'Supplements', 86.8, 1);
INSERT INTO product_catalogs (id, name, type, price, user_id)
VALUES (48, 'Hoof Care U1-48', 'Hoof Care', 91.53, 1);
INSERT INTO product_catalogs (id, name, type, price, user_id)
VALUES (49, 'Hoof Care U1-49', 'Hoof Care', 51.82, 1);
INSERT INTO product_catalogs (id, name, type, price, user_id)
VALUES (50, 'Checkup U1-50', 'Checkup', 142.25, 1);
INSERT INTO product_catalogs (id, name, type, price, user_id)
VALUES (51, 'Checkup U2-1', 'Checkup', 23.13, 2);
INSERT INTO product_catalogs (id, name, type, price, user_id)
VALUES (52, 'Vaccine U2-2', 'Vaccine', 56.58, 2);
INSERT INTO product_catalogs (id, name, type, price, user_id)
VALUES (53, 'Dewormer U2-3', 'Dewormer', 173.13, 2);
INSERT INTO product_catalogs (id, name, type, price, user_id)
VALUES (54, 'Hoof Care U2-4', 'Hoof Care', 153.92, 2);
INSERT INTO product_catalogs (id, name, type, price, user_id)
VALUES (55, 'Supplements U2-5', 'Supplements', 38.84, 2);
INSERT INTO product_catalogs (id, name, type, price, user_id)
VALUES (56, 'Supplements U2-6', 'Supplements', 114.6, 2);
INSERT INTO product_catalogs (id, name, type, price, user_id)
VALUES (57, 'Supplements U2-7', 'Supplements', 66.38, 2);
INSERT INTO product_catalogs (id, name, type, price, user_id)
VALUES (58, 'Checkup U2-8', 'Checkup', 43.59, 2);
INSERT INTO product_catalogs (id, name, type, price, user_id)
VALUES (59, 'Dewormer U2-9', 'Dewormer', 69.25, 2);
INSERT INTO product_catalogs (id, name, type, price, user_id)
VALUES (60, 'Checkup U2-10', 'Checkup', 24.19, 2);
INSERT INTO product_catalogs (id, name, type, price, user_id)
VALUES (61, 'Vaccine U2-11', 'Vaccine', 80.78, 2);
INSERT INTO product_catalogs (id, name, type, price, user_id)
VALUES (62, 'Checkup U2-12', 'Checkup', 144.54, 2);
INSERT INTO product_catalogs (id, name, type, price, user_id)
VALUES (63, 'Supplements U2-13', 'Supplements', 89.64, 2);
INSERT INTO product_catalogs (id, name, type, price, user_id)
VALUES (64, 'Dewormer U2-14', 'Dewormer', 146.58, 2);
INSERT INTO product_catalogs (id, name, type, price, user_id)
VALUES (65, 'Supplements U2-15', 'Supplements', 197.64, 2);
INSERT INTO product_catalogs (id, name, type, price, user_id)
VALUES (66, 'Dewormer U2-16', 'Dewormer', 72.05, 2);
INSERT INTO product_catalogs (id, name, type, price, user_id)
VALUES (67, 'Hoof Care U2-17', 'Hoof Care', 39.28, 2);
INSERT INTO product_catalogs (id, name, type, price, user_id)
VALUES (68, 'Supplements U2-18', 'Supplements', 176.03, 2);
INSERT INTO product_catalogs (id, name, type, price, user_id)
VALUES (69, 'Checkup U2-19', 'Checkup', 135.28, 2);
INSERT INTO product_catalogs (id, name, type, price, user_id)
VALUES (70, 'Checkup U2-20', 'Checkup', 34.94, 2);
INSERT INTO product_catalogs (id, name, type, price, user_id)
VALUES (71, 'Dewormer U2-21', 'Dewormer', 118.4, 2);
INSERT INTO product_catalogs (id, name, type, price, user_id)
VALUES (72, 'Hoof Care U2-22', 'Hoof Care', 98.6, 2);
INSERT INTO product_catalogs (id, name, type, price, user_id)
VALUES (73, 'Supplements U2-23', 'Supplements', 52.88, 2);
INSERT INTO product_catalogs (id, name, type, price, user_id)
VALUES (74, 'Hoof Care U2-24', 'Hoof Care', 187.27, 2);
INSERT INTO product_catalogs (id, name, type, price, user_id)
VALUES (75, 'Hoof Care U2-25', 'Hoof Care', 164.66, 2);
INSERT INTO product_catalogs (id, name, type, price, user_id)
VALUES (76, 'Checkup U2-26', 'Checkup', 139.21, 2);
INSERT INTO product_catalogs (id, name, type, price, user_id)
VALUES (77, 'Dewormer U2-27', 'Dewormer', 197.36, 2);
INSERT INTO product_catalogs (id, name, type, price, user_id)
VALUES (78, 'Vaccine U2-28', 'Vaccine', 197.74, 2);
INSERT INTO product_catalogs (id, name, type, price, user_id)
VALUES (79, 'Supplements U2-29', 'Supplements', 170.93, 2);
INSERT INTO product_catalogs (id, name, type, price, user_id)
VALUES (80, 'Checkup U2-30', 'Checkup', 177.48, 2);
INSERT INTO product_catalogs (id, name, type, price, user_id)
VALUES (81, 'Checkup U2-31', 'Checkup', 130.27, 2);
INSERT INTO product_catalogs (id, name, type, price, user_id)
VALUES (82, 'Hoof Care U2-32', 'Hoof Care', 182.73, 2);
INSERT INTO product_catalogs (id, name, type, price, user_id)
VALUES (83, 'Checkup U2-33', 'Checkup', 95.66, 2);
INSERT INTO product_catalogs (id, name, type, price, user_id)
VALUES (84, 'Vaccine U2-34', 'Vaccine', 104.07, 2);
INSERT INTO product_catalogs (id, name, type, price, user_id)
VALUES (85, 'Supplements U2-35', 'Supplements', 91.88, 2);
INSERT INTO product_catalogs (id, name, type, price, user_id)
VALUES (86, 'Vaccine U2-36', 'Vaccine', 177.66, 2);
INSERT INTO product_catalogs (id, name, type, price, user_id)
VALUES (87, 'Checkup U2-37', 'Checkup', 39.64, 2);
INSERT INTO product_catalogs (id, name, type, price, user_id)
VALUES (88, 'Dewormer U2-38', 'Dewormer', 106.35, 2);
INSERT INTO product_catalogs (id, name, type, price, user_id)
VALUES (89, 'Hoof Care U2-39', 'Hoof Care', 145.67, 2);
INSERT INTO product_catalogs (id, name, type, price, user_id)
VALUES (90, 'Hoof Care U2-40', 'Hoof Care', 28.19, 2);
INSERT INTO product_catalogs (id, name, type, price, user_id)
VALUES (91, 'Checkup U2-41', 'Checkup', 75.4, 2);
INSERT INTO product_catalogs (id, name, type, price, user_id)
VALUES (92, 'Supplements U2-42', 'Supplements', 67.8, 2);
INSERT INTO product_catalogs (id, name, type, price, user_id)
VALUES (93, 'Vaccine U2-43', 'Vaccine', 153.44, 2);
INSERT INTO product_catalogs (id, name, type, price, user_id)
VALUES (94, 'Dewormer U2-44', 'Dewormer', 179.02, 2);
INSERT INTO product_catalogs (id, name, type, price, user_id)
VALUES (95, 'Hoof Care U2-45', 'Hoof Care', 184.07, 2);
INSERT INTO product_catalogs (id, name, type, price, user_id)
VALUES (96, 'Vaccine U2-46', 'Vaccine', 47.01, 2);
INSERT INTO product_catalogs (id, name, type, price, user_id)
VALUES (97, 'Checkup U2-47', 'Checkup', 92.24, 2);
INSERT INTO product_catalogs (id, name, type, price, user_id)
VALUES (98, 'Supplements U2-48', 'Supplements', 21.48, 2);
INSERT INTO product_catalogs (id, name, type, price, user_id)
VALUES (99, 'Checkup U2-49', 'Checkup', 68.34, 2);
INSERT INTO product_catalogs (id, name, type, price, user_id)
VALUES (100, 'Checkup U2-50', 'Checkup', 155.07, 2);
INSERT INTO product_catalogs (id, name, type, price, user_id)
VALUES (101, 'Vaccine U3-1', 'Vaccine', 63.44, 3);
INSERT INTO product_catalogs (id, name, type, price, user_id)
VALUES (102, 'Supplements U3-2', 'Supplements', 131.5, 3);
INSERT INTO product_catalogs (id, name, type, price, user_id)
VALUES (103, 'Supplements U3-3', 'Supplements', 154.14, 3);
INSERT INTO product_catalogs (id, name, type, price, user_id)
VALUES (104, 'Checkup U3-4', 'Checkup', 130.99, 3);
INSERT INTO product_catalogs (id, name, type, price, user_id)
VALUES (105, 'Vaccine U3-5', 'Vaccine', 154.11, 3);
INSERT INTO product_catalogs (id, name, type, price, user_id)
VALUES (106, 'Vaccine U3-6', 'Vaccine', 43.08, 3);
INSERT INTO product_catalogs (id, name, type, price, user_id)
VALUES (107, 'Supplements U3-7', 'Supplements', 157.83, 3);
INSERT INTO product_catalogs (id, name, type, price, user_id)
VALUES (108, 'Supplements U3-8', 'Supplements', 144.52, 3);
INSERT INTO product_catalogs (id, name, type, price, user_id)
VALUES (109, 'Hoof Care U3-9', 'Hoof Care', 123.15, 3);
INSERT INTO product_catalogs (id, name, type, price, user_id)
VALUES (110, 'Checkup U3-10', 'Checkup', 105.35, 3);
INSERT INTO product_catalogs (id, name, type, price, user_id)
VALUES (111, 'Vaccine U3-11', 'Vaccine', 125.9, 3);
INSERT INTO product_catalogs (id, name, type, price, user_id)
VALUES (112, 'Checkup U3-12', 'Checkup', 159.66, 3);
INSERT INTO product_catalogs (id, name, type, price, user_id)
VALUES (113, 'Vaccine U3-13', 'Vaccine', 30.14, 3);
INSERT INTO product_catalogs (id, name, type, price, user_id)
VALUES (114, 'Supplements U3-14', 'Supplements', 155.9, 3);
INSERT INTO product_catalogs (id, name, type, price, user_id)
VALUES (115, 'Dewormer U3-15', 'Dewormer', 85.24, 3);
INSERT INTO product_catalogs (id, name, type, price, user_id)
VALUES (116, 'Hoof Care U3-16', 'Hoof Care', 172.48, 3);
INSERT INTO product_catalogs (id, name, type, price, user_id)
VALUES (117, 'Hoof Care U3-17', 'Hoof Care', 87.31, 3);
INSERT INTO product_catalogs (id, name, type, price, user_id)
VALUES (118, 'Hoof Care U3-18', 'Hoof Care', 186.66, 3);
INSERT INTO product_catalogs (id, name, type, price, user_id)
VALUES (119, 'Supplements U3-19', 'Supplements', 100.26, 3);
INSERT INTO product_catalogs (id, name, type, price, user_id)
VALUES (120, 'Hoof Care U3-20', 'Hoof Care', 186.75, 3);
INSERT INTO product_catalogs (id, name, type, price, user_id)
VALUES (121, 'Supplements U3-21', 'Supplements', 43.43, 3);
INSERT INTO product_catalogs (id, name, type, price, user_id)
VALUES (122, 'Hoof Care U3-22', 'Hoof Care', 145.32, 3);
INSERT INTO product_catalogs (id, name, type, price, user_id)
VALUES (123, 'Dewormer U3-23', 'Dewormer', 85.61, 3);
INSERT INTO product_catalogs (id, name, type, price, user_id)
VALUES (124, 'Hoof Care U3-24', 'Hoof Care', 170.91, 3);
INSERT INTO product_catalogs (id, name, type, price, user_id)
VALUES (125, 'Supplements U3-25', 'Supplements', 122.06, 3);
INSERT INTO product_catalogs (id, name, type, price, user_id)
VALUES (126, 'Supplements U3-26', 'Supplements', 43.86, 3);
INSERT INTO product_catalogs (id, name, type, price, user_id)
VALUES (127, 'Vaccine U3-27', 'Vaccine', 39.12, 3);
INSERT INTO product_catalogs (id, name, type, price, user_id)
VALUES (128, 'Checkup U3-28', 'Checkup', 101.12, 3);
INSERT INTO product_catalogs (id, name, type, price, user_id)
VALUES (129, 'Vaccine U3-29', 'Vaccine', 91.54, 3);
INSERT INTO product_catalogs (id, name, type, price, user_id)
VALUES (130, 'Vaccine U3-30', 'Vaccine', 111.86, 3);
INSERT INTO product_catalogs (id, name, type, price, user_id)
VALUES (131, 'Vaccine U3-31', 'Vaccine', 150.67, 3);
INSERT INTO product_catalogs (id, name, type, price, user_id)
VALUES (132, 'Checkup U3-32', 'Checkup', 59.47, 3);
INSERT INTO product_catalogs (id, name, type, price, user_id)
VALUES (133, 'Dewormer U3-33', 'Dewormer', 108.97, 3);
INSERT INTO product_catalogs (id, name, type, price, user_id)
VALUES (134, 'Dewormer U3-34', 'Dewormer', 97.79, 3);
INSERT INTO product_catalogs (id, name, type, price, user_id)
VALUES (135, 'Hoof Care U3-35', 'Hoof Care', 25.01, 3);
INSERT INTO product_catalogs (id, name, type, price, user_id)
VALUES (136, 'Hoof Care U3-36', 'Hoof Care', 110.49, 3);
INSERT INTO product_catalogs (id, name, type, price, user_id)
VALUES (137, 'Hoof Care U3-37', 'Hoof Care', 133.04, 3);
INSERT INTO product_catalogs (id, name, type, price, user_id)
VALUES (138, 'Dewormer U3-38', 'Dewormer', 155.67, 3);
INSERT INTO product_catalogs (id, name, type, price, user_id)
VALUES (139, 'Supplements U3-39', 'Supplements', 108.0, 3);
INSERT INTO product_catalogs (id, name, type, price, user_id)
VALUES (140, 'Hoof Care U3-40', 'Hoof Care', 81.55, 3);
INSERT INTO product_catalogs (id, name, type, price, user_id)
VALUES (141, 'Vaccine U3-41', 'Vaccine', 168.23, 3);
INSERT INTO product_catalogs (id, name, type, price, user_id)
VALUES (142, 'Supplements U3-42', 'Supplements', 97.64, 3);
INSERT INTO product_catalogs (id, name, type, price, user_id)
VALUES (143, 'Checkup U3-43', 'Checkup', 125.12, 3);
INSERT INTO product_catalogs (id, name, type, price, user_id)
VALUES (144, 'Supplements U3-44', 'Supplements', 65.42, 3);
INSERT INTO product_catalogs (id, name, type, price, user_id)
VALUES (145, 'Supplements U3-45', 'Supplements', 167.24, 3);
INSERT INTO product_catalogs (id, name, type, price, user_id)
VALUES (146, 'Supplements U3-46', 'Supplements', 174.5, 3);
INSERT INTO product_catalogs (id, name, type, price, user_id)
VALUES (147, 'Checkup U3-47', 'Checkup', 35.95, 3);
INSERT INTO product_catalogs (id, name, type, price, user_id)
VALUES (148, 'Supplements U3-48', 'Supplements', 176.91, 3);
INSERT INTO product_catalogs (id, name, type, price, user_id)
VALUES (149, 'Hoof Care U3-49', 'Hoof Care', 167.55, 3);
INSERT INTO product_catalogs (id, name, type, price, user_id)
VALUES (150, 'Checkup U3-50', 'Checkup', 128.79, 3);
INSERT INTO product_catalogs (id, name, type, price, user_id)
VALUES (151, 'Supplements U4-1', 'Supplements', 77.94, 4);
INSERT INTO product_catalogs (id, name, type, price, user_id)
VALUES (152, 'Checkup U4-2', 'Checkup', 128.39, 4);
INSERT INTO product_catalogs (id, name, type, price, user_id)
VALUES (153, 'Hoof Care U4-3', 'Hoof Care', 134.13, 4);
INSERT INTO product_catalogs (id, name, type, price, user_id)
VALUES (154, 'Hoof Care U4-4', 'Hoof Care', 149.44, 4);
INSERT INTO product_catalogs (id, name, type, price, user_id)
VALUES (155, 'Checkup U4-5', 'Checkup', 187.61, 4);
INSERT INTO product_catalogs (id, name, type, price, user_id)
VALUES (156, 'Dewormer U4-6', 'Dewormer', 138.91, 4);
INSERT INTO product_catalogs (id, name, type, price, user_id)
VALUES (157, 'Dewormer U4-7', 'Dewormer', 175.94, 4);
INSERT INTO product_catalogs (id, name, type, price, user_id)
VALUES (158, 'Checkup U4-8', 'Checkup', 172.94, 4);
INSERT INTO product_catalogs (id, name, type, price, user_id)
VALUES (159, 'Supplements U4-9', 'Supplements', 195.57, 4);
INSERT INTO product_catalogs (id, name, type, price, user_id)
VALUES (160, 'Hoof Care U4-10', 'Hoof Care', 81.99, 4);
INSERT INTO product_catalogs (id, name, type, price, user_id)
VALUES (161, 'Vaccine U4-11', 'Vaccine', 120.94, 4);
INSERT INTO product_catalogs (id, name, type, price, user_id)
VALUES (162, 'Checkup U4-12', 'Checkup', 60.76, 4);
INSERT INTO product_catalogs (id, name, type, price, user_id)
VALUES (163, 'Hoof Care U4-13', 'Hoof Care', 115.68, 4);
INSERT INTO product_catalogs (id, name, type, price, user_id)
VALUES (164, 'Supplements U4-14', 'Supplements', 63.37, 4);
INSERT INTO product_catalogs (id, name, type, price, user_id)
VALUES (165, 'Vaccine U4-15', 'Vaccine', 197.15, 4);
INSERT INTO product_catalogs (id, name, type, price, user_id)
VALUES (166, 'Dewormer U4-16', 'Dewormer', 84.75, 4);
INSERT INTO product_catalogs (id, name, type, price, user_id)
VALUES (167, 'Checkup U4-17', 'Checkup', 95.55, 4);
INSERT INTO product_catalogs (id, name, type, price, user_id)
VALUES (168, 'Hoof Care U4-18', 'Hoof Care', 102.52, 4);
INSERT INTO product_catalogs (id, name, type, price, user_id)
VALUES (169, 'Hoof Care U4-19', 'Hoof Care', 65.9, 4);
INSERT INTO product_catalogs (id, name, type, price, user_id)
VALUES (170, 'Hoof Care U4-20', 'Hoof Care', 49.53, 4);
INSERT INTO product_catalogs (id, name, type, price, user_id)
VALUES (171, 'Supplements U4-21', 'Supplements', 68.1, 4);
INSERT INTO product_catalogs (id, name, type, price, user_id)
VALUES (172, 'Hoof Care U4-22', 'Hoof Care', 102.65, 4);
INSERT INTO product_catalogs (id, name, type, price, user_id)
VALUES (173, 'Hoof Care U4-23', 'Hoof Care', 33.74, 4);
INSERT INTO product_catalogs (id, name, type, price, user_id)
VALUES (174, 'Checkup U4-24', 'Checkup', 197.88, 4);
INSERT INTO product_catalogs (id, name, type, price, user_id)
VALUES (175, 'Checkup U4-25', 'Checkup', 136.4, 4);
INSERT INTO product_catalogs (id, name, type, price, user_id)
VALUES (176, 'Checkup U4-26', 'Checkup', 189.86, 4);
INSERT INTO product_catalogs (id, name, type, price, user_id)
VALUES (177, 'Supplements U4-27', 'Supplements', 106.28, 4);
INSERT INTO product_catalogs (id, name, type, price, user_id)
VALUES (178, 'Supplements U4-28', 'Supplements', 181.17, 4);
INSERT INTO product_catalogs (id, name, type, price, user_id)
VALUES (179, 'Hoof Care U4-29', 'Hoof Care', 63.44, 4);
INSERT INTO product_catalogs (id, name, type, price, user_id)
VALUES (180, 'Hoof Care U4-30', 'Hoof Care', 182.63, 4);
INSERT INTO product_catalogs (id, name, type, price, user_id)
VALUES (181, 'Supplements U4-31', 'Supplements', 125.43, 4);
INSERT INTO product_catalogs (id, name, type, price, user_id)
VALUES (182, 'Hoof Care U4-32', 'Hoof Care', 167.31, 4);
INSERT INTO product_catalogs (id, name, type, price, user_id)
VALUES (183, 'Supplements U4-33', 'Supplements', 84.16, 4);
INSERT INTO product_catalogs (id, name, type, price, user_id)
VALUES (184, 'Hoof Care U4-34', 'Hoof Care', 105.17, 4);
INSERT INTO product_catalogs (id, name, type, price, user_id)
VALUES (185, 'Dewormer U4-35', 'Dewormer', 37.6, 4);
INSERT INTO product_catalogs (id, name, type, price, user_id)
VALUES (186, 'Supplements U4-36', 'Supplements', 56.55, 4);
INSERT INTO product_catalogs (id, name, type, price, user_id)
VALUES (187, 'Hoof Care U4-37', 'Hoof Care', 77.17, 4);
INSERT INTO product_catalogs (id, name, type, price, user_id)
VALUES (188, 'Checkup U4-38', 'Checkup', 56.68, 4);
INSERT INTO product_catalogs (id, name, type, price, user_id)
VALUES (189, 'Vaccine U4-39', 'Vaccine', 69.91, 4);
INSERT INTO product_catalogs (id, name, type, price, user_id)
VALUES (190, 'Hoof Care U4-40', 'Hoof Care', 115.85, 4);
INSERT INTO product_catalogs (id, name, type, price, user_id)
VALUES (191, 'Hoof Care U4-41', 'Hoof Care', 52.44, 4);
INSERT INTO product_catalogs (id, name, type, price, user_id)
VALUES (192, 'Supplements U4-42', 'Supplements', 30.68, 4);
INSERT INTO product_catalogs (id, name, type, price, user_id)
VALUES (193, 'Hoof Care U4-43', 'Hoof Care', 138.74, 4);
INSERT INTO product_catalogs (id, name, type, price, user_id)
VALUES (194, 'Dewormer U4-44', 'Dewormer', 20.78, 4);
INSERT INTO product_catalogs (id, name, type, price, user_id)
VALUES (195, 'Supplements U4-45', 'Supplements', 57.36, 4);
INSERT INTO product_catalogs (id, name, type, price, user_id)
VALUES (196, 'Dewormer U4-46', 'Dewormer', 88.56, 4);
INSERT INTO product_catalogs (id, name, type, price, user_id)
VALUES (197, 'Dewormer U4-47', 'Dewormer', 164.36, 4);
INSERT INTO product_catalogs (id, name, type, price, user_id)
VALUES (198, 'Vaccine U4-48', 'Vaccine', 106.09, 4);
INSERT INTO product_catalogs (id, name, type, price, user_id)
VALUES (199, 'Checkup U4-49', 'Checkup', 123.22, 4);
INSERT INTO product_catalogs (id, name, type, price, user_id)
VALUES (200, 'Dewormer U4-50', 'Dewormer', 88.93, 4);
INSERT INTO product_catalogs (id, name, type, price, user_id)
VALUES (201, 'Hoof Care U5-1', 'Hoof Care', 49.98, 5);
INSERT INTO product_catalogs (id, name, type, price, user_id)
VALUES (202, 'Dewormer U5-2', 'Dewormer', 199.5, 5);
INSERT INTO product_catalogs (id, name, type, price, user_id)
VALUES (203, 'Vaccine U5-3', 'Vaccine', 133.63, 5);
INSERT INTO product_catalogs (id, name, type, price, user_id)
VALUES (204, 'Checkup U5-4', 'Checkup', 41.71, 5);
INSERT INTO product_catalogs (id, name, type, price, user_id)
VALUES (205, 'Dewormer U5-5', 'Dewormer', 66.31, 5);
INSERT INTO product_catalogs (id, name, type, price, user_id)
VALUES (206, 'Vaccine U5-6', 'Vaccine', 61.8, 5);
INSERT INTO product_catalogs (id, name, type, price, user_id)
VALUES (207, 'Supplements U5-7', 'Supplements', 162.81, 5);
INSERT INTO product_catalogs (id, name, type, price, user_id)
VALUES (208, 'Supplements U5-8', 'Supplements', 162.72, 5);
INSERT INTO product_catalogs (id, name, type, price, user_id)
VALUES (209, 'Supplements U5-9', 'Supplements', 74.37, 5);
INSERT INTO product_catalogs (id, name, type, price, user_id)
VALUES (210, 'Checkup U5-10', 'Checkup', 38.78, 5);
INSERT INTO product_catalogs (id, name, type, price, user_id)
VALUES (211, 'Checkup U5-11', 'Checkup', 173.26, 5);
INSERT INTO product_catalogs (id, name, type, price, user_id)
VALUES (212, 'Dewormer U5-12', 'Dewormer', 96.83, 5);
INSERT INTO product_catalogs (id, name, type, price, user_id)
VALUES (213, 'Dewormer U5-13', 'Dewormer', 146.42, 5);
INSERT INTO product_catalogs (id, name, type, price, user_id)
VALUES (214, 'Dewormer U5-14', 'Dewormer', 184.33, 5);
INSERT INTO product_catalogs (id, name, type, price, user_id)
VALUES (215, 'Vaccine U5-15', 'Vaccine', 125.1, 5);
INSERT INTO product_catalogs (id, name, type, price, user_id)
VALUES (216, 'Supplements U5-16', 'Supplements', 25.42, 5);
INSERT INTO product_catalogs (id, name, type, price, user_id)
VALUES (217, 'Hoof Care U5-17', 'Hoof Care', 121.09, 5);
INSERT INTO product_catalogs (id, name, type, price, user_id)
VALUES (218, 'Dewormer U5-18', 'Dewormer', 41.84, 5);
INSERT INTO product_catalogs (id, name, type, price, user_id)
VALUES (219, 'Checkup U5-19', 'Checkup', 124.5, 5);
INSERT INTO product_catalogs (id, name, type, price, user_id)
VALUES (220, 'Dewormer U5-20', 'Dewormer', 45.47, 5);
INSERT INTO product_catalogs (id, name, type, price, user_id)
VALUES (221, 'Checkup U5-21', 'Checkup', 40.55, 5);
INSERT INTO product_catalogs (id, name, type, price, user_id)
VALUES (222, 'Supplements U5-22', 'Supplements', 166.91, 5);
INSERT INTO product_catalogs (id, name, type, price, user_id)
VALUES (223, 'Supplements U5-23', 'Supplements', 75.82, 5);
INSERT INTO product_catalogs (id, name, type, price, user_id)
VALUES (224, 'Supplements U5-24', 'Supplements', 114.94, 5);
INSERT INTO product_catalogs (id, name, type, price, user_id)
VALUES (225, 'Checkup U5-25', 'Checkup', 196.57, 5);
INSERT INTO product_catalogs (id, name, type, price, user_id)
VALUES (226, 'Checkup U5-26', 'Checkup', 186.65, 5);
INSERT INTO product_catalogs (id, name, type, price, user_id)
VALUES (227, 'Hoof Care U5-27', 'Hoof Care', 170.28, 5);
INSERT INTO product_catalogs (id, name, type, price, user_id)
VALUES (228, 'Supplements U5-28', 'Supplements', 72.9, 5);
INSERT INTO product_catalogs (id, name, type, price, user_id)
VALUES (229, 'Hoof Care U5-29', 'Hoof Care', 112.19, 5);
INSERT INTO product_catalogs (id, name, type, price, user_id)
VALUES (230, 'Vaccine U5-30', 'Vaccine', 94.71, 5);
INSERT INTO product_catalogs (id, name, type, price, user_id)
VALUES (231, 'Hoof Care U5-31', 'Hoof Care', 165.21, 5);
INSERT INTO product_catalogs (id, name, type, price, user_id)
VALUES (232, 'Supplements U5-32', 'Supplements', 87.79, 5);
INSERT INTO product_catalogs (id, name, type, price, user_id)
VALUES (233, 'Dewormer U5-33', 'Dewormer', 55.54, 5);
INSERT INTO product_catalogs (id, name, type, price, user_id)
VALUES (234, 'Hoof Care U5-34', 'Hoof Care', 40.26, 5);
INSERT INTO product_catalogs (id, name, type, price, user_id)
VALUES (235, 'Checkup U5-35', 'Checkup', 32.9, 5);
INSERT INTO product_catalogs (id, name, type, price, user_id)
VALUES (236, 'Checkup U5-36', 'Checkup', 188.32, 5);
INSERT INTO product_catalogs (id, name, type, price, user_id)
VALUES (237, 'Dewormer U5-37', 'Dewormer', 81.46, 5);
INSERT INTO product_catalogs (id, name, type, price, user_id)
VALUES (238, 'Checkup U5-38', 'Checkup', 148.29, 5);
INSERT INTO product_catalogs (id, name, type, price, user_id)
VALUES (239, 'Vaccine U5-39', 'Vaccine', 102.22, 5);
INSERT INTO product_catalogs (id, name, type, price, user_id)
VALUES (240, 'Supplements U5-40', 'Supplements', 37.78, 5);
INSERT INTO product_catalogs (id, name, type, price, user_id)
VALUES (241, 'Dewormer U5-41', 'Dewormer', 195.03, 5);
INSERT INTO product_catalogs (id, name, type, price, user_id)
VALUES (242, 'Supplements U5-42', 'Supplements', 79.37, 5);
INSERT INTO product_catalogs (id, name, type, price, user_id)
VALUES (243, 'Vaccine U5-43', 'Vaccine', 56.27, 5);
INSERT INTO product_catalogs (id, name, type, price, user_id)
VALUES (244, 'Checkup U5-44', 'Checkup', 99.08, 5);
INSERT INTO product_catalogs (id, name, type, price, user_id)
VALUES (245, 'Hoof Care U5-45', 'Hoof Care', 71.66, 5);
INSERT INTO product_catalogs (id, name, type, price, user_id)
VALUES (246, 'Vaccine U5-46', 'Vaccine', 91.52, 5);
INSERT INTO product_catalogs (id, name, type, price, user_id)
VALUES (247, 'Vaccine U5-47', 'Vaccine', 117.45, 5);
INSERT INTO product_catalogs (id, name, type, price, user_id)
VALUES (248, 'Hoof Care U5-48', 'Hoof Care', 32.71, 5);
INSERT INTO product_catalogs (id, name, type, price, user_id)
VALUES (249, 'Checkup U5-49', 'Checkup', 83.09, 5);
INSERT INTO product_catalogs (id, name, type, price, user_id)
VALUES (250, 'Hoof Care U5-50', 'Hoof Care', 170.38, 5);
INSERT INTO product_catalogs (id, name, type, price, user_id)
VALUES (251, 'Supplements U6-1', 'Supplements', 55.43, 6);
INSERT INTO product_catalogs (id, name, type, price, user_id)
VALUES (252, 'Hoof Care U6-2', 'Hoof Care', 96.26, 6);
INSERT INTO product_catalogs (id, name, type, price, user_id)
VALUES (253, 'Hoof Care U6-3', 'Hoof Care', 85.66, 6);
INSERT INTO product_catalogs (id, name, type, price, user_id)
VALUES (254, 'Vaccine U6-4', 'Vaccine', 66.58, 6);
INSERT INTO product_catalogs (id, name, type, price, user_id)
VALUES (255, 'Checkup U6-5', 'Checkup', 154.62, 6);
INSERT INTO product_catalogs (id, name, type, price, user_id)
VALUES (256, 'Hoof Care U6-6', 'Hoof Care', 187.3, 6);
INSERT INTO product_catalogs (id, name, type, price, user_id)
VALUES (257, 'Vaccine U6-7', 'Vaccine', 82.64, 6);
INSERT INTO product_catalogs (id, name, type, price, user_id)
VALUES (258, 'Supplements U6-8', 'Supplements', 135.89, 6);
INSERT INTO product_catalogs (id, name, type, price, user_id)
VALUES (259, 'Supplements U6-9', 'Supplements', 128.55, 6);
INSERT INTO product_catalogs (id, name, type, price, user_id)
VALUES (260, 'Checkup U6-10', 'Checkup', 146.07, 6);
INSERT INTO product_catalogs (id, name, type, price, user_id)
VALUES (261, 'Hoof Care U6-11', 'Hoof Care', 137.04, 6);
INSERT INTO product_catalogs (id, name, type, price, user_id)
VALUES (262, 'Hoof Care U6-12', 'Hoof Care', 80.53, 6);
INSERT INTO product_catalogs (id, name, type, price, user_id)
VALUES (263, 'Checkup U6-13', 'Checkup', 163.59, 6);
INSERT INTO product_catalogs (id, name, type, price, user_id)
VALUES (264, 'Dewormer U6-14', 'Dewormer', 185.13, 6);
INSERT INTO product_catalogs (id, name, type, price, user_id)
VALUES (265, 'Supplements U6-15', 'Supplements', 140.46, 6);
INSERT INTO product_catalogs (id, name, type, price, user_id)
VALUES (266, 'Supplements U6-16', 'Supplements', 61.97, 6);
INSERT INTO product_catalogs (id, name, type, price, user_id)
VALUES (267, 'Dewormer U6-17', 'Dewormer', 89.53, 6);
INSERT INTO product_catalogs (id, name, type, price, user_id)
VALUES (268, 'Dewormer U6-18', 'Dewormer', 110.85, 6);
INSERT INTO product_catalogs (id, name, type, price, user_id)
VALUES (269, 'Checkup U6-19', 'Checkup', 159.35, 6);
INSERT INTO product_catalogs (id, name, type, price, user_id)
VALUES (270, 'Hoof Care U6-20', 'Hoof Care', 56.58, 6);
INSERT INTO product_catalogs (id, name, type, price, user_id)
VALUES (271, 'Hoof Care U6-21', 'Hoof Care', 65.59, 6);
INSERT INTO product_catalogs (id, name, type, price, user_id)
VALUES (272, 'Vaccine U6-22', 'Vaccine', 82.69, 6);
INSERT INTO product_catalogs (id, name, type, price, user_id)
VALUES (273, 'Supplements U6-23', 'Supplements', 85.4, 6);
INSERT INTO product_catalogs (id, name, type, price, user_id)
VALUES (274, 'Supplements U6-24', 'Supplements', 190.04, 6);
INSERT INTO product_catalogs (id, name, type, price, user_id)
VALUES (275, 'Hoof Care U6-25', 'Hoof Care', 111.3, 6);
INSERT INTO product_catalogs (id, name, type, price, user_id)
VALUES (276, 'Hoof Care U6-26', 'Hoof Care', 64.81, 6);
INSERT INTO product_catalogs (id, name, type, price, user_id)
VALUES (277, 'Vaccine U6-27', 'Vaccine', 48.91, 6);
INSERT INTO product_catalogs (id, name, type, price, user_id)
VALUES (278, 'Checkup U6-28', 'Checkup', 129.29, 6);
INSERT INTO product_catalogs (id, name, type, price, user_id)
VALUES (279, 'Hoof Care U6-29', 'Hoof Care', 189.44, 6);
INSERT INTO product_catalogs (id, name, type, price, user_id)
VALUES (280, 'Hoof Care U6-30', 'Hoof Care', 53.82, 6);
INSERT INTO product_catalogs (id, name, type, price, user_id)
VALUES (281, 'Vaccine U6-31', 'Vaccine', 28.72, 6);
INSERT INTO product_catalogs (id, name, type, price, user_id)
VALUES (282, 'Vaccine U6-32', 'Vaccine', 164.9, 6);
INSERT INTO product_catalogs (id, name, type, price, user_id)
VALUES (283, 'Supplements U6-33', 'Supplements', 92.64, 6);
INSERT INTO product_catalogs (id, name, type, price, user_id)
VALUES (284, 'Dewormer U6-34', 'Dewormer', 108.8, 6);
INSERT INTO product_catalogs (id, name, type, price, user_id)
VALUES (285, 'Dewormer U6-35', 'Dewormer', 89.1, 6);
INSERT INTO product_catalogs (id, name, type, price, user_id)
VALUES (286, 'Vaccine U6-36', 'Vaccine', 25.78, 6);
INSERT INTO product_catalogs (id, name, type, price, user_id)
VALUES (287, 'Dewormer U6-37', 'Dewormer', 87.54, 6);
INSERT INTO product_catalogs (id, name, type, price, user_id)
VALUES (288, 'Hoof Care U6-38', 'Hoof Care', 191.77, 6);
INSERT INTO product_catalogs (id, name, type, price, user_id)
VALUES (289, 'Checkup U6-39', 'Checkup', 85.81, 6);
INSERT INTO product_catalogs (id, name, type, price, user_id)
VALUES (290, 'Checkup U6-40', 'Checkup', 161.18, 6);
INSERT INTO product_catalogs (id, name, type, price, user_id)
VALUES (291, 'Checkup U6-41', 'Checkup', 77.96, 6);
INSERT INTO product_catalogs (id, name, type, price, user_id)
VALUES (292, 'Dewormer U6-42', 'Dewormer', 147.7, 6);
INSERT INTO product_catalogs (id, name, type, price, user_id)
VALUES (293, 'Hoof Care U6-43', 'Hoof Care', 72.63, 6);
INSERT INTO product_catalogs (id, name, type, price, user_id)
VALUES (294, 'Dewormer U6-44', 'Dewormer', 22.12, 6);
INSERT INTO product_catalogs (id, name, type, price, user_id)
VALUES (295, 'Vaccine U6-45', 'Vaccine', 175.97, 6);
INSERT INTO product_catalogs (id, name, type, price, user_id)
VALUES (296, 'Checkup U6-46', 'Checkup', 105.87, 6);
INSERT INTO product_catalogs (id, name, type, price, user_id)
VALUES (297, 'Vaccine U6-47', 'Vaccine', 89.28, 6);
INSERT INTO product_catalogs (id, name, type, price, user_id)
VALUES (298, 'Vaccine U6-48', 'Vaccine', 162.84, 6);
INSERT INTO product_catalogs (id, name, type, price, user_id)
VALUES (299, 'Dewormer U6-49', 'Dewormer', 91.03, 6);
INSERT INTO product_catalogs (id, name, type, price, user_id)
VALUES (300, 'Dewormer U6-50', 'Dewormer', 132.79, 6);
INSERT INTO product_catalogs (id, name, type, price, user_id)
VALUES (301, 'Supplements U7-1', 'Supplements', 101.32, 7);
INSERT INTO product_catalogs (id, name, type, price, user_id)
VALUES (302, 'Checkup U7-2', 'Checkup', 168.82, 7);
INSERT INTO product_catalogs (id, name, type, price, user_id)
VALUES (303, 'Checkup U7-3', 'Checkup', 50.28, 7);
INSERT INTO product_catalogs (id, name, type, price, user_id)
VALUES (304, 'Hoof Care U7-4', 'Hoof Care', 164.09, 7);
INSERT INTO product_catalogs (id, name, type, price, user_id)
VALUES (305, 'Hoof Care U7-5', 'Hoof Care', 108.67, 7);
INSERT INTO product_catalogs (id, name, type, price, user_id)
VALUES (306, 'Dewormer U7-6', 'Dewormer', 190.97, 7);
INSERT INTO product_catalogs (id, name, type, price, user_id)
VALUES (307, 'Supplements U7-7', 'Supplements', 169.94, 7);
INSERT INTO product_catalogs (id, name, type, price, user_id)
VALUES (308, 'Vaccine U7-8', 'Vaccine', 50.04, 7);
INSERT INTO product_catalogs (id, name, type, price, user_id)
VALUES (309, 'Dewormer U7-9', 'Dewormer', 194.97, 7);
INSERT INTO product_catalogs (id, name, type, price, user_id)
VALUES (310, 'Supplements U7-10', 'Supplements', 126.02, 7);
INSERT INTO product_catalogs (id, name, type, price, user_id)
VALUES (311, 'Hoof Care U7-11', 'Hoof Care', 24.64, 7);
INSERT INTO product_catalogs (id, name, type, price, user_id)
VALUES (312, 'Supplements U7-12', 'Supplements', 32.63, 7);
INSERT INTO product_catalogs (id, name, type, price, user_id)
VALUES (313, 'Supplements U7-13', 'Supplements', 69.75, 7);
INSERT INTO product_catalogs (id, name, type, price, user_id)
VALUES (314, 'Supplements U7-14', 'Supplements', 42.61, 7);
INSERT INTO product_catalogs (id, name, type, price, user_id)
VALUES (315, 'Dewormer U7-15', 'Dewormer', 98.38, 7);
INSERT INTO product_catalogs (id, name, type, price, user_id)
VALUES (316, 'Supplements U7-16', 'Supplements', 91.54, 7);
INSERT INTO product_catalogs (id, name, type, price, user_id)
VALUES (317, 'Checkup U7-17', 'Checkup', 70.92, 7);
INSERT INTO product_catalogs (id, name, type, price, user_id)
VALUES (318, 'Supplements U7-18', 'Supplements', 183.52, 7);
INSERT INTO product_catalogs (id, name, type, price, user_id)
VALUES (319, 'Checkup U7-19', 'Checkup', 173.6, 7);
INSERT INTO product_catalogs (id, name, type, price, user_id)
VALUES (320, 'Hoof Care U7-20', 'Hoof Care', 29.47, 7);
INSERT INTO product_catalogs (id, name, type, price, user_id)
VALUES (321, 'Checkup U7-21', 'Checkup', 185.41, 7);
INSERT INTO product_catalogs (id, name, type, price, user_id)
VALUES (322, 'Checkup U7-22', 'Checkup', 137.24, 7);
INSERT INTO product_catalogs (id, name, type, price, user_id)
VALUES (323, 'Vaccine U7-23', 'Vaccine', 142.36, 7);
INSERT INTO product_catalogs (id, name, type, price, user_id)
VALUES (324, 'Dewormer U7-24', 'Dewormer', 67.45, 7);
INSERT INTO product_catalogs (id, name, type, price, user_id)
VALUES (325, 'Supplements U7-25', 'Supplements', 48.49, 7);
INSERT INTO product_catalogs (id, name, type, price, user_id)
VALUES (326, 'Dewormer U7-26', 'Dewormer', 62.22, 7);
INSERT INTO product_catalogs (id, name, type, price, user_id)
VALUES (327, 'Checkup U7-27', 'Checkup', 123.78, 7);
INSERT INTO product_catalogs (id, name, type, price, user_id)
VALUES (328, 'Hoof Care U7-28', 'Hoof Care', 77.05, 7);
INSERT INTO product_catalogs (id, name, type, price, user_id)
VALUES (329, 'Vaccine U7-29', 'Vaccine', 108.23, 7);
INSERT INTO product_catalogs (id, name, type, price, user_id)
VALUES (330, 'Checkup U7-30', 'Checkup', 148.82, 7);
INSERT INTO product_catalogs (id, name, type, price, user_id)
VALUES (331, 'Checkup U7-31', 'Checkup', 119.07, 7);
INSERT INTO product_catalogs (id, name, type, price, user_id)
VALUES (332, 'Dewormer U7-32', 'Dewormer', 151.11, 7);
INSERT INTO product_catalogs (id, name, type, price, user_id)
VALUES (333, 'Checkup U7-33', 'Checkup', 59.37, 7);
INSERT INTO product_catalogs (id, name, type, price, user_id)
VALUES (334, 'Vaccine U7-34', 'Vaccine', 161.46, 7);
INSERT INTO product_catalogs (id, name, type, price, user_id)
VALUES (335, 'Vaccine U7-35', 'Vaccine', 104.47, 7);
INSERT INTO product_catalogs (id, name, type, price, user_id)
VALUES (336, 'Dewormer U7-36', 'Dewormer', 67.21, 7);
INSERT INTO product_catalogs (id, name, type, price, user_id)
VALUES (337, 'Vaccine U7-37', 'Vaccine', 28.32, 7);
INSERT INTO product_catalogs (id, name, type, price, user_id)
VALUES (338, 'Vaccine U7-38', 'Vaccine', 125.7, 7);
INSERT INTO product_catalogs (id, name, type, price, user_id)
VALUES (339, 'Dewormer U7-39', 'Dewormer', 185.67, 7);
INSERT INTO product_catalogs (id, name, type, price, user_id)
VALUES (340, 'Vaccine U7-40', 'Vaccine', 191.72, 7);
INSERT INTO product_catalogs (id, name, type, price, user_id)
VALUES (341, 'Checkup U7-41', 'Checkup', 190.15, 7);
INSERT INTO product_catalogs (id, name, type, price, user_id)
VALUES (342, 'Supplements U7-42', 'Supplements', 120.85, 7);
INSERT INTO product_catalogs (id, name, type, price, user_id)
VALUES (343, 'Checkup U7-43', 'Checkup', 112.02, 7);
INSERT INTO product_catalogs (id, name, type, price, user_id)
VALUES (344, 'Dewormer U7-44', 'Dewormer', 77.16, 7);
INSERT INTO product_catalogs (id, name, type, price, user_id)
VALUES (345, 'Vaccine U7-45', 'Vaccine', 143.17, 7);
INSERT INTO product_catalogs (id, name, type, price, user_id)
VALUES (346, 'Supplements U7-46', 'Supplements', 128.03, 7);
INSERT INTO product_catalogs (id, name, type, price, user_id)
VALUES (347, 'Hoof Care U7-47', 'Hoof Care', 33.02, 7);
INSERT INTO product_catalogs (id, name, type, price, user_id)
VALUES (348, 'Checkup U7-48', 'Checkup', 101.32, 7);
INSERT INTO product_catalogs (id, name, type, price, user_id)
VALUES (349, 'Vaccine U7-49', 'Vaccine', 48.05, 7);
INSERT INTO product_catalogs (id, name, type, price, user_id)
VALUES (350, 'Supplements U7-50', 'Supplements', 97.51, 7);
INSERT INTO product_catalogs (id, name, type, price, user_id)
VALUES (351, 'Supplements U8-1', 'Supplements', 126.63, 8);
INSERT INTO product_catalogs (id, name, type, price, user_id)
VALUES (352, 'Checkup U8-2', 'Checkup', 73.15, 8);
INSERT INTO product_catalogs (id, name, type, price, user_id)
VALUES (353, 'Vaccine U8-3', 'Vaccine', 82.73, 8);
INSERT INTO product_catalogs (id, name, type, price, user_id)
VALUES (354, 'Dewormer U8-4', 'Dewormer', 199.33, 8);
INSERT INTO product_catalogs (id, name, type, price, user_id)
VALUES (355, 'Dewormer U8-5', 'Dewormer', 122.16, 8);
INSERT INTO product_catalogs (id, name, type, price, user_id)
VALUES (356, 'Supplements U8-6', 'Supplements', 196.74, 8);
INSERT INTO product_catalogs (id, name, type, price, user_id)
VALUES (357, 'Checkup U8-7', 'Checkup', 75.4, 8);
INSERT INTO product_catalogs (id, name, type, price, user_id)
VALUES (358, 'Checkup U8-8', 'Checkup', 189.17, 8);
INSERT INTO product_catalogs (id, name, type, price, user_id)
VALUES (359, 'Hoof Care U8-9', 'Hoof Care', 44.34, 8);
INSERT INTO product_catalogs (id, name, type, price, user_id)
VALUES (360, 'Hoof Care U8-10', 'Hoof Care', 127.6, 8);
INSERT INTO product_catalogs (id, name, type, price, user_id)
VALUES (361, 'Vaccine U8-11', 'Vaccine', 167.91, 8);
INSERT INTO product_catalogs (id, name, type, price, user_id)
VALUES (362, 'Vaccine U8-12', 'Vaccine', 66.03, 8);
INSERT INTO product_catalogs (id, name, type, price, user_id)
VALUES (363, 'Dewormer U8-13', 'Dewormer', 110.02, 8);
INSERT INTO product_catalogs (id, name, type, price, user_id)
VALUES (364, 'Vaccine U8-14', 'Vaccine', 151.74, 8);
INSERT INTO product_catalogs (id, name, type, price, user_id)
VALUES (365, 'Dewormer U8-15', 'Dewormer', 51.83, 8);
INSERT INTO product_catalogs (id, name, type, price, user_id)
VALUES (366, 'Hoof Care U8-16', 'Hoof Care', 176.91, 8);
INSERT INTO product_catalogs (id, name, type, price, user_id)
VALUES (367, 'Checkup U8-17', 'Checkup', 144.72, 8);
INSERT INTO product_catalogs (id, name, type, price, user_id)
VALUES (368, 'Vaccine U8-18', 'Vaccine', 42.36, 8);
INSERT INTO product_catalogs (id, name, type, price, user_id)
VALUES (369, 'Dewormer U8-19', 'Dewormer', 50.92, 8);
INSERT INTO product_catalogs (id, name, type, price, user_id)
VALUES (370, 'Checkup U8-20', 'Checkup', 74.39, 8);
INSERT INTO product_catalogs (id, name, type, price, user_id)
VALUES (371, 'Vaccine U8-21', 'Vaccine', 117.11, 8);
INSERT INTO product_catalogs (id, name, type, price, user_id)
VALUES (372, 'Checkup U8-22', 'Checkup', 180.68, 8);
INSERT INTO product_catalogs (id, name, type, price, user_id)
VALUES (373, 'Dewormer U8-23', 'Dewormer', 34.99, 8);
INSERT INTO product_catalogs (id, name, type, price, user_id)
VALUES (374, 'Vaccine U8-24', 'Vaccine', 52.85, 8);
INSERT INTO product_catalogs (id, name, type, price, user_id)
VALUES (375, 'Vaccine U8-25', 'Vaccine', 22.58, 8);
INSERT INTO product_catalogs (id, name, type, price, user_id)
VALUES (376, 'Hoof Care U8-26', 'Hoof Care', 99.3, 8);
INSERT INTO product_catalogs (id, name, type, price, user_id)
VALUES (377, 'Vaccine U8-27', 'Vaccine', 116.4, 8);
INSERT INTO product_catalogs (id, name, type, price, user_id)
VALUES (378, 'Supplements U8-28', 'Supplements', 123.34, 8);
INSERT INTO product_catalogs (id, name, type, price, user_id)
VALUES (379, 'Dewormer U8-29', 'Dewormer', 115.95, 8);
INSERT INTO product_catalogs (id, name, type, price, user_id)
VALUES (380, 'Hoof Care U8-30', 'Hoof Care', 108.26, 8);
INSERT INTO product_catalogs (id, name, type, price, user_id)
VALUES (381, 'Checkup U8-31', 'Checkup', 66.78, 8);
INSERT INTO product_catalogs (id, name, type, price, user_id)
VALUES (382, 'Dewormer U8-32', 'Dewormer', 46.74, 8);
INSERT INTO product_catalogs (id, name, type, price, user_id)
VALUES (383, 'Supplements U8-33', 'Supplements', 113.68, 8);
INSERT INTO product_catalogs (id, name, type, price, user_id)
VALUES (384, 'Hoof Care U8-34', 'Hoof Care', 46.52, 8);
INSERT INTO product_catalogs (id, name, type, price, user_id)
VALUES (385, 'Vaccine U8-35', 'Vaccine', 189.76, 8);
INSERT INTO product_catalogs (id, name, type, price, user_id)
VALUES (386, 'Hoof Care U8-36', 'Hoof Care', 184.19, 8);
INSERT INTO product_catalogs (id, name, type, price, user_id)
VALUES (387, 'Checkup U8-37', 'Checkup', 180.25, 8);
INSERT INTO product_catalogs (id, name, type, price, user_id)
VALUES (388, 'Hoof Care U8-38', 'Hoof Care', 62.56, 8);
INSERT INTO product_catalogs (id, name, type, price, user_id)
VALUES (389, 'Checkup U8-39', 'Checkup', 139.68, 8);
INSERT INTO product_catalogs (id, name, type, price, user_id)
VALUES (390, 'Hoof Care U8-40', 'Hoof Care', 98.92, 8);
INSERT INTO product_catalogs (id, name, type, price, user_id)
VALUES (391, 'Supplements U8-41', 'Supplements', 176.06, 8);
INSERT INTO product_catalogs (id, name, type, price, user_id)
VALUES (392, 'Vaccine U8-42', 'Vaccine', 117.81, 8);
INSERT INTO product_catalogs (id, name, type, price, user_id)
VALUES (393, 'Hoof Care U8-43', 'Hoof Care', 50.67, 8);
INSERT INTO product_catalogs (id, name, type, price, user_id)
VALUES (394, 'Checkup U8-44', 'Checkup', 176.58, 8);
INSERT INTO product_catalogs (id, name, type, price, user_id)
VALUES (395, 'Vaccine U8-45', 'Vaccine', 51.04, 8);
INSERT INTO product_catalogs (id, name, type, price, user_id)
VALUES (396, 'Dewormer U8-46', 'Dewormer', 140.15, 8);
INSERT INTO product_catalogs (id, name, type, price, user_id)
VALUES (397, 'Vaccine U8-47', 'Vaccine', 166.04, 8);
INSERT INTO product_catalogs (id, name, type, price, user_id)
VALUES (398, 'Supplements U8-48', 'Supplements', 124.58, 8);
INSERT INTO product_catalogs (id, name, type, price, user_id)
VALUES (399, 'Supplements U8-49', 'Supplements', 80.89, 8);
INSERT INTO product_catalogs (id, name, type, price, user_id)
VALUES (400, 'Supplements U8-50', 'Supplements', 185.14, 8);
INSERT INTO product_catalogs (id, name, type, price, user_id)
VALUES (401, 'Dewormer U9-1', 'Dewormer', 54.65, 9);
INSERT INTO product_catalogs (id, name, type, price, user_id)
VALUES (402, 'Vaccine U9-2', 'Vaccine', 183.06, 9);
INSERT INTO product_catalogs (id, name, type, price, user_id)
VALUES (403, 'Checkup U9-3', 'Checkup', 111.49, 9);
INSERT INTO product_catalogs (id, name, type, price, user_id)
VALUES (404, 'Hoof Care U9-4', 'Hoof Care', 69.03, 9);
INSERT INTO product_catalogs (id, name, type, price, user_id)
VALUES (405, 'Dewormer U9-5', 'Dewormer', 129.39, 9);
INSERT INTO product_catalogs (id, name, type, price, user_id)
VALUES (406, 'Supplements U9-6', 'Supplements', 47.99, 9);
INSERT INTO product_catalogs (id, name, type, price, user_id)
VALUES (407, 'Vaccine U9-7', 'Vaccine', 40.93, 9);
INSERT INTO product_catalogs (id, name, type, price, user_id)
VALUES (408, 'Supplements U9-8', 'Supplements', 31.07, 9);
INSERT INTO product_catalogs (id, name, type, price, user_id)
VALUES (409, 'Dewormer U9-9', 'Dewormer', 71.73, 9);
INSERT INTO product_catalogs (id, name, type, price, user_id)
VALUES (410, 'Hoof Care U9-10', 'Hoof Care', 152.17, 9);
INSERT INTO product_catalogs (id, name, type, price, user_id)
VALUES (411, 'Vaccine U9-11', 'Vaccine', 162.97, 9);
INSERT INTO product_catalogs (id, name, type, price, user_id)
VALUES (412, 'Supplements U9-12', 'Supplements', 169.13, 9);
INSERT INTO product_catalogs (id, name, type, price, user_id)
VALUES (413, 'Supplements U9-13', 'Supplements', 192.01, 9);
INSERT INTO product_catalogs (id, name, type, price, user_id)
VALUES (414, 'Vaccine U9-14', 'Vaccine', 188.81, 9);
INSERT INTO product_catalogs (id, name, type, price, user_id)
VALUES (415, 'Supplements U9-15', 'Supplements', 139.1, 9);
INSERT INTO product_catalogs (id, name, type, price, user_id)
VALUES (416, 'Vaccine U9-16', 'Vaccine', 129.77, 9);
INSERT INTO product_catalogs (id, name, type, price, user_id)
VALUES (417, 'Supplements U9-17', 'Supplements', 96.54, 9);
INSERT INTO product_catalogs (id, name, type, price, user_id)
VALUES (418, 'Checkup U9-18', 'Checkup', 29.46, 9);
INSERT INTO product_catalogs (id, name, type, price, user_id)
VALUES (419, 'Checkup U9-19', 'Checkup', 49.34, 9);
INSERT INTO product_catalogs (id, name, type, price, user_id)
VALUES (420, 'Checkup U9-20', 'Checkup', 115.43, 9);
INSERT INTO product_catalogs (id, name, type, price, user_id)
VALUES (421, 'Supplements U9-21', 'Supplements', 32.08, 9);
INSERT INTO product_catalogs (id, name, type, price, user_id)
VALUES (422, 'Supplements U9-22', 'Supplements', 53.71, 9);
INSERT INTO product_catalogs (id, name, type, price, user_id)
VALUES (423, 'Hoof Care U9-23', 'Hoof Care', 91.98, 9);
INSERT INTO product_catalogs (id, name, type, price, user_id)
VALUES (424, 'Supplements U9-24', 'Supplements', 46.88, 9);
INSERT INTO product_catalogs (id, name, type, price, user_id)
VALUES (425, 'Vaccine U9-25', 'Vaccine', 38.52, 9);
INSERT INTO product_catalogs (id, name, type, price, user_id)
VALUES (426, 'Checkup U9-26', 'Checkup', 60.17, 9);
INSERT INTO product_catalogs (id, name, type, price, user_id)
VALUES (427, 'Hoof Care U9-27', 'Hoof Care', 132.01, 9);
INSERT INTO product_catalogs (id, name, type, price, user_id)
VALUES (428, 'Dewormer U9-28', 'Dewormer', 94.17, 9);
INSERT INTO product_catalogs (id, name, type, price, user_id)
VALUES (429, 'Checkup U9-29', 'Checkup', 179.77, 9);
INSERT INTO product_catalogs (id, name, type, price, user_id)
VALUES (430, 'Dewormer U9-30', 'Dewormer', 84.16, 9);
INSERT INTO product_catalogs (id, name, type, price, user_id)
VALUES (431, 'Dewormer U9-31', 'Dewormer', 154.54, 9);
INSERT INTO product_catalogs (id, name, type, price, user_id)
VALUES (432, 'Hoof Care U9-32', 'Hoof Care', 105.05, 9);
INSERT INTO product_catalogs (id, name, type, price, user_id)
VALUES (433, 'Hoof Care U9-33', 'Hoof Care', 57.62, 9);
INSERT INTO product_catalogs (id, name, type, price, user_id)
VALUES (434, 'Vaccine U9-34', 'Vaccine', 46.25, 9);
INSERT INTO product_catalogs (id, name, type, price, user_id)
VALUES (435, 'Checkup U9-35', 'Checkup', 143.28, 9);
INSERT INTO product_catalogs (id, name, type, price, user_id)
VALUES (436, 'Vaccine U9-36', 'Vaccine', 93.19, 9);
INSERT INTO product_catalogs (id, name, type, price, user_id)
VALUES (437, 'Hoof Care U9-37', 'Hoof Care', 172.9, 9);
INSERT INTO product_catalogs (id, name, type, price, user_id)
VALUES (438, 'Dewormer U9-38', 'Dewormer', 89.76, 9);
INSERT INTO product_catalogs (id, name, type, price, user_id)
VALUES (439, 'Supplements U9-39', 'Supplements', 141.48, 9);
INSERT INTO product_catalogs (id, name, type, price, user_id)
VALUES (440, 'Checkup U9-40', 'Checkup', 58.99, 9);
INSERT INTO product_catalogs (id, name, type, price, user_id)
VALUES (441, 'Hoof Care U9-41', 'Hoof Care', 33.94, 9);
INSERT INTO product_catalogs (id, name, type, price, user_id)
VALUES (442, 'Checkup U9-42', 'Checkup', 55.63, 9);
INSERT INTO product_catalogs (id, name, type, price, user_id)
VALUES (443, 'Hoof Care U9-43', 'Hoof Care', 25.97, 9);
INSERT INTO product_catalogs (id, name, type, price, user_id)
VALUES (444, 'Hoof Care U9-44', 'Hoof Care', 47.08, 9);
INSERT INTO product_catalogs (id, name, type, price, user_id)
VALUES (445, 'Hoof Care U9-45', 'Hoof Care', 145.91, 9);
INSERT INTO product_catalogs (id, name, type, price, user_id)
VALUES (446, 'Hoof Care U9-46', 'Hoof Care', 42.83, 9);
INSERT INTO product_catalogs (id, name, type, price, user_id)
VALUES (447, 'Supplements U9-47', 'Supplements', 151.94, 9);
INSERT INTO product_catalogs (id, name, type, price, user_id)
VALUES (448, 'Dewormer U9-48', 'Dewormer', 133.59, 9);
INSERT INTO product_catalogs (id, name, type, price, user_id)
VALUES (449, 'Dewormer U9-49', 'Dewormer', 126.7, 9);
INSERT INTO product_catalogs (id, name, type, price, user_id)
VALUES (450, 'Checkup U9-50', 'Checkup', 69.23, 9);
INSERT INTO product_catalogs (id, name, type, price, user_id)
VALUES (451, 'Supplements U10-1', 'Supplements', 154.24, 10);
INSERT INTO product_catalogs (id, name, type, price, user_id)
VALUES (452, 'Vaccine U10-2', 'Vaccine', 169.15, 10);
INSERT INTO product_catalogs (id, name, type, price, user_id)
VALUES (453, 'Hoof Care U10-3', 'Hoof Care', 91.77, 10);
INSERT INTO product_catalogs (id, name, type, price, user_id)
VALUES (454, 'Dewormer U10-4', 'Dewormer', 121.06, 10);
INSERT INTO product_catalogs (id, name, type, price, user_id)
VALUES (455, 'Dewormer U10-5', 'Dewormer', 182.55, 10);
INSERT INTO product_catalogs (id, name, type, price, user_id)
VALUES (456, 'Hoof Care U10-6', 'Hoof Care', 124.44, 10);
INSERT INTO product_catalogs (id, name, type, price, user_id)
VALUES (457, 'Vaccine U10-7', 'Vaccine', 124.17, 10);
INSERT INTO product_catalogs (id, name, type, price, user_id)
VALUES (458, 'Supplements U10-8', 'Supplements', 182.46, 10);
INSERT INTO product_catalogs (id, name, type, price, user_id)
VALUES (459, 'Vaccine U10-9', 'Vaccine', 173.42, 10);
INSERT INTO product_catalogs (id, name, type, price, user_id)
VALUES (460, 'Hoof Care U10-10', 'Hoof Care', 78.46, 10);
INSERT INTO product_catalogs (id, name, type, price, user_id)
VALUES (461, 'Hoof Care U10-11', 'Hoof Care', 130.79, 10);
INSERT INTO product_catalogs (id, name, type, price, user_id)
VALUES (462, 'Supplements U10-12', 'Supplements', 123.73, 10);
INSERT INTO product_catalogs (id, name, type, price, user_id)
VALUES (463, 'Hoof Care U10-13', 'Hoof Care', 92.66, 10);
INSERT INTO product_catalogs (id, name, type, price, user_id)
VALUES (464, 'Dewormer U10-14', 'Dewormer', 161.35, 10);
INSERT INTO product_catalogs (id, name, type, price, user_id)
VALUES (465, 'Dewormer U10-15', 'Dewormer', 91.86, 10);
INSERT INTO product_catalogs (id, name, type, price, user_id)
VALUES (466, 'Supplements U10-16', 'Supplements', 50.97, 10);
INSERT INTO product_catalogs (id, name, type, price, user_id)
VALUES (467, 'Supplements U10-17', 'Supplements', 171.22, 10);
INSERT INTO product_catalogs (id, name, type, price, user_id)
VALUES (468, 'Dewormer U10-18', 'Dewormer', 199.19, 10);
INSERT INTO product_catalogs (id, name, type, price, user_id)
VALUES (469, 'Checkup U10-19', 'Checkup', 148.84, 10);
INSERT INTO product_catalogs (id, name, type, price, user_id)
VALUES (470, 'Checkup U10-20', 'Checkup', 75.56, 10);
INSERT INTO product_catalogs (id, name, type, price, user_id)
VALUES (471, 'Vaccine U10-21', 'Vaccine', 100.13, 10);
INSERT INTO product_catalogs (id, name, type, price, user_id)
VALUES (472, 'Vaccine U10-22', 'Vaccine', 82.4, 10);
INSERT INTO product_catalogs (id, name, type, price, user_id)
VALUES (473, 'Supplements U10-23', 'Supplements', 176.88, 10);
INSERT INTO product_catalogs (id, name, type, price, user_id)
VALUES (474, 'Supplements U10-24', 'Supplements', 199.36, 10);
INSERT INTO product_catalogs (id, name, type, price, user_id)
VALUES (475, 'Checkup U10-25', 'Checkup', 134.31, 10);
INSERT INTO product_catalogs (id, name, type, price, user_id)
VALUES (476, 'Supplements U10-26', 'Supplements', 29.32, 10);
INSERT INTO product_catalogs (id, name, type, price, user_id)
VALUES (477, 'Checkup U10-27', 'Checkup', 126.21, 10);
INSERT INTO product_catalogs (id, name, type, price, user_id)
VALUES (478, 'Supplements U10-28', 'Supplements', 60.63, 10);
INSERT INTO product_catalogs (id, name, type, price, user_id)
VALUES (479, 'Dewormer U10-29', 'Dewormer', 164.56, 10);
INSERT INTO product_catalogs (id, name, type, price, user_id)
VALUES (480, 'Checkup U10-30', 'Checkup', 161.09, 10);
INSERT INTO product_catalogs (id, name, type, price, user_id)
VALUES (481, 'Checkup U10-31', 'Checkup', 149.46, 10);
INSERT INTO product_catalogs (id, name, type, price, user_id)
VALUES (482, 'Vaccine U10-32', 'Vaccine', 150.61, 10);
INSERT INTO product_catalogs (id, name, type, price, user_id)
VALUES (483, 'Checkup U10-33', 'Checkup', 103.01, 10);
INSERT INTO product_catalogs (id, name, type, price, user_id)
VALUES (484, 'Vaccine U10-34', 'Vaccine', 78.56, 10);
INSERT INTO product_catalogs (id, name, type, price, user_id)
VALUES (485, 'Hoof Care U10-35', 'Hoof Care', 29.39, 10);
INSERT INTO product_catalogs (id, name, type, price, user_id)
VALUES (486, 'Dewormer U10-36', 'Dewormer', 78.79, 10);
INSERT INTO product_catalogs (id, name, type, price, user_id)
VALUES (487, 'Supplements U10-37', 'Supplements', 31.47, 10);
INSERT INTO product_catalogs (id, name, type, price, user_id)
VALUES (488, 'Checkup U10-38', 'Checkup', 23.38, 10);
INSERT INTO product_catalogs (id, name, type, price, user_id)
VALUES (489, 'Checkup U10-39', 'Checkup', 56.92, 10);
INSERT INTO product_catalogs (id, name, type, price, user_id)
VALUES (490, 'Checkup U10-40', 'Checkup', 116.68, 10);
INSERT INTO product_catalogs (id, name, type, price, user_id)
VALUES (491, 'Dewormer U10-41', 'Dewormer', 65.32, 10);
INSERT INTO product_catalogs (id, name, type, price, user_id)
VALUES (492, 'Checkup U10-42', 'Checkup', 178.13, 10);
INSERT INTO product_catalogs (id, name, type, price, user_id)
VALUES (493, 'Hoof Care U10-43', 'Hoof Care', 141.6, 10);
INSERT INTO product_catalogs (id, name, type, price, user_id)
VALUES (494, 'Checkup U10-44', 'Checkup', 57.31, 10);
INSERT INTO product_catalogs (id, name, type, price, user_id)
VALUES (495, 'Hoof Care U10-45', 'Hoof Care', 196.28, 10);
INSERT INTO product_catalogs (id, name, type, price, user_id)
VALUES (496, 'Vaccine U10-46', 'Vaccine', 103.84, 10);
INSERT INTO product_catalogs (id, name, type, price, user_id)
VALUES (497, 'Checkup U10-47', 'Checkup', 35.09, 10);
INSERT INTO product_catalogs (id, name, type, price, user_id)
VALUES (498, 'Dewormer U10-48', 'Dewormer', 137.37, 10);
INSERT INTO product_catalogs (id, name, type, price, user_id)
VALUES (499, 'Checkup U10-49', 'Checkup', 59.04, 10);
INSERT INTO product_catalogs (id, name, type, price, user_id)
VALUES (500, 'Supplements U10-50', 'Supplements', 130.12, 10);


INSERT INTO consultations (id, horse_id, timestamp)
VALUES (1, 479, NOW());
INSERT INTO consultations (id, horse_id, timestamp)
VALUES (2, 978, NOW());
INSERT INTO consultations (id, horse_id, timestamp)
VALUES (3, 288, NOW());
INSERT INTO consultations (id, horse_id, timestamp)
VALUES (4, 209, NOW());
INSERT INTO consultations (id, horse_id, timestamp)
VALUES (5, 540, NOW());
INSERT INTO consultations (id, horse_id, timestamp)
VALUES (6, 940, NOW());
INSERT INTO consultations (id, horse_id, timestamp)
VALUES (7, 296, NOW());
INSERT INTO consultations (id, horse_id, timestamp)
VALUES (8, 642, NOW());
INSERT INTO consultations (id, horse_id, timestamp)
VALUES (9, 882, NOW());
INSERT INTO consultations (id, horse_id, timestamp)
VALUES (10, 895, NOW());
INSERT INTO consultations (id, horse_id, timestamp)
VALUES (11, 999, NOW());
INSERT INTO consultations (id, horse_id, timestamp)
VALUES (12, 1000, NOW());
INSERT INTO consultations (id, horse_id, timestamp)
VALUES (13, 90, NOW());